userWallet,timestamp,action,contract_address,contract_name,value_eth,gas_used,gas_price,tx_hash,block_number,is_error
0x0039f22efb07a647557c7c5d17854cfd6d489ef3,1567452595,borrow,0x39aa39c021dfbae8fac545936693ac917d5e7563,cUSDC,0,343438,2100000000,0xcac4ca8b91a33e216c1c94f6fcc8482ef512a185bcc5a83396a67d518b00b6aa,8472638,False
0x0039f22efb07a647557c7c5d17854cfd6d489ef3,1568440161,repay,0x39aa39c021dfbae8fac545936693ac917d5e7563,cUSDC,0,114632,12000000000,0x4222b4ec01ba08cbc4d02b349a76dc468ecb64a108f939818e369f61dbde2c5b,8545898,False
0x0039f22efb07a647557c7c5d17854cfd6d489ef3,1568440263,redeem,0x4ddc2d193948926d02f9b1fe9e1daa0718270ed5,cETH,0,265174,12000000000,0x54f30f06c66bb76a821fa5bb1f65307650bcc28b6b7f3c9c28cec928275e426f,8545907,False
0x0039f22efb07a647557c7c5d17854cfd6d489ef3,1592874381,supply,0xf650c3d88d12db855b8bf7d11be6c55a4e07dcc9,cUSDT,0,187450,29000000000,0xbcf282f2271d8e412df79d2d9422e7202b6e7dce9050599cea883f4414f9876a,10318975,False
0x0039f22efb07a647557c7c5d17854cfd6d489ef3,1592874951,supply,0xf650c3d88d12db855b8bf7d11be6c55a4e07dcc9,cUSDT,0,125734,28500000000,0xcb337093d23c26d73be707ed61574d72330122b7fb6db662c6fd9e0bf8413a4f,10319018,False
0x0039f22efb07a647557c7c5d17854cfd6d489ef3,1594846450,redeem,0x4ddc2d193948926d02f9b1fe9e1daa0718270ed5,cETH,0,376970,32500000000,0x900d391db2eff42e6b3fa7311934b227de1259f13d7f7a5fa5fcbc77c1b0dbba,10466349,False
0x0039f22efb07a647557c7c5d17854cfd6d489ef3,1594846570,redeem,0xf650c3d88d12db855b8bf7d11be6c55a4e07dcc9,cUSDT,0,191440,33000000000,0x918f67febf2f528dc8e4b430d7188fea2e85e1b4d42bf528019e60010d8c1fab,10466356,False
0x0039f22efb07a647557c7c5d17854cfd6d489ef3,1601016752,supply,0x5d3a536e4d6dbd6114cc1ead35777bab948e3643,cDAI,0,311828,90000000000,0x60d625f026853e117176228fe5313a0d3f769b0e9a7c5bd23becf422bb8c426b,10930336,False
0x0039f22efb07a647557c7c5d17854cfd6d489ef3,1601235410,redeem,0x5d3a536e4d6dbd6114cc1ead35777bab948e3643,cDAI,0,286857,70000000000,0xce956fd4904e3ee277b7bede5d335c0a2a83825b0a258c7e10618cb4f2b6eeb9,10946527,False
0x0039f22efb07a647557c7c5d17854cfd6d489ef3,1611944108,supply,0x39aa39c021dfbae8fac545936693ac917d5e7563,cUSDC,0,205716,128700000000,0x1efa3f8d31210b8dab87ad6e8123db0e668cf9aeb75e8d8429c46a90e1d74bf7,11752354,False
0x0039f22efb07a647557c7c5d17854cfd6d489ef3,1612506281,redeem,0x39aa39c021dfbae8fac545936693ac917d5e7563,cUSDC,0,364053,160000000000,0x335d36e0c44c2497a688e8d336527c4de11bcd9775dd748d61da8d7f1d641a34,11794636,False
0x0039f22efb07a647557c7c5d17854cfd6d489ef3,1615696754,redeem,0x39aa39c021dfbae8fac545936693ac917d5e7563,cUSDC,0,361546,121000000000,0x8f4c35854a7fd6fcda351970b0c1a977b9c1bd390d426b3bed4fc5fb0b075462,12034580,False
0x0039f22efb07a647557c7c5d17854cfd6d489ef3,1616099263,redeem,0x39aa39c021dfbae8fac545936693ac917d5e7563,cUSDC,0,364607,171000000000,0x72f35f938c73944ce06628159b3abad785f976e3d0661cb6c6bb46dc9c67bcfe,12064851,False
0x0039f22efb07a647557c7c5d17854cfd6d489ef3,1624693565,supply,0x39aa39c021dfbae8fac545936693ac917d5e7563,cUSDC,0,159137,19000000000,0xb58878d9c2733ce7c0791f7969efec1e9ff3a79d69c982d1a668293be52f124f,12708396,False
0x0039f22efb07a647557c7c5d17854cfd6d489ef3,1638303263,supply,0x39aa39c021dfbae8fac545936693ac917d5e7563,cUSDC,0,168674,206164781669,0x2a23706388058e55dce35bad628d511280c47f795e31f4db2ac2344226619b6d,13716853,False
0x0039f22efb07a647557c7c5d17854cfd6d489ef3,1638889167,redeem,0x39aa39c021dfbae8fac545936693ac917d5e7563,cUSDC,0,429924,95912379919,0x278bf9dbf8b23e259a3dfa3e2d2f8908555023b3846284108cccce5b40643c71,13759193,False
0x06b51c6882b27cb05e712185531c1f74996dd988,1602807417,supply,0x39aa39c021dfbae8fac545936693ac917d5e7563,cUSDC,0,174552,50000000000,0x25b33b7a990646ab6c0f22d2c4e91fe563bbd9b02e361de589e7c1971e69e840,11063630,False
0x0795732aacc448030ef374374eaae57d2965c16c,1606310017,supply,0x39aa39c021dfbae8fac545936693ac917d5e7563,cUSDC,0,177613,51000000000,0x22d03ef2de5abcb5dd724279e59b050c995d6b6308ff31caccb0dfffdb6641e0,11327700,False
0x0aaa79f1a86bc8136cd0d1ca0d51964f4e3766f9,1607753709,supply,0x39aa39c021dfbae8fac545936693ac917d5e7563,cUSDC,0,174525,24100000000,0xe74e61815250aae8a2cab45a4ab4a98bcda6a3832591a0bac1ebc6b88967371a,11436396,False
0x0fe383e5abc200055a7f391f94a5f5d1f844b9ae,1603285368,supply,0x39aa39c021dfbae8fac545936693ac917d5e7563,cUSDC,0,174552,43000000000,0x936f794a8eed05ee88765e3ddabb666473210fb189867f647fbb0a38e7e986a6,11099688,False
0x104ae61d8d487ad689969a17807ddc338b445416,1608095977,supply,0x39aa39c021dfbae8fac545936693ac917d5e7563,cUSDC,0,202745,42900000000,0x44347e686635e8ae9efa4b2ba9703144ca6fd40921c7fa1446a0cdd7cca93a89,11462188,False
0x111c7208a7e2af345d36b6d4aace8740d61a3078,1604605115,supply,0x39aa39c021dfbae8fac545936693ac917d5e7563,cUSDC,0,202784,18000000000,0x654be57c6882ccff265a146e897dfe6fde850baa1ca29a9a5314874fb3aed36b,11199160,False
0x124853fecb522c57d9bd5c21231058696ca6d596,1604813164,supply,0x39aa39c021dfbae8fac545936693ac917d5e7563,cUSDC,0,177613,15400000000,0x2b7ee51ffc617958dc0c13aa5622999cc5a030dd14bd09f60bbd9442bdbac869,11214880,False
0x124853fecb522c57d9bd5c21231058696ca6d596,1604813165,redeem,0x4ddc2d193948926d02f9b1fe9e1daa0718270ed5,cETH,0,118404,15400000000,0x414296d05d8725ea110f5c1808ddaf906618f9515e843128ccc232462b1b68ad,11214881,False
0x13b1c8b0e696aff8b4fee742119b549b605f3cbc,1607930750,supply,0x39aa39c021dfbae8fac545936693ac917d5e7563,cUSDC,0,202745,28600000000,0x398f8aa6cd81d63253e45a142a23bfa4d3c071ad58ff40d1cf50698078ea4739,11449751,False
0x1724e16cb8d0e2aa4d08035bc6b5c56b680a3b22,1624812996,supply,0x70e36f6bf80a52b3b46b3af8e106cc0ed743e8e4,cCOMP,0,182779,6600000000,0x9d877037f025a90dd83c73e9258309806a70cef0564afcd9078065d8655c3632,12717266,False
0x19df3e87f73c4aaf4809295561465b993e102668,1602728574,supply,0x39aa39c021dfbae8fac545936693ac917d5e7563,cUSDC,0,202784,53000000000,0x8b25f39969785a8ccc313cfb7115feba3c8b08cf2fb5a505f3c2e8ab21c40e78,11057652,False
0x1ab2ccad4fc97c9968ea87d4435326715be32872,1605371138,supply,0x39aa39c021dfbae8fac545936693ac917d5e7563,cUSDC,0,174552,36000000000,0x0093fcd904c7e0ba382945264f5188cfcf58ee1ac6e39e782803c05939743263,11256873,False
0x1c1b30ca93ef57452d53885d97a74f61daf2bf4f,1611648839,redeem,0x4ddc2d193948926d02f9b1fe9e1daa0718270ed5,cETH,0,146488,91300000000,0x3c2d194f9f5ca62de4aea6f5f142924cffe95a7a72b81b15d3d2bdc6496c365f,11730150,False
0x1c1b30ca93ef57452d53885d97a74f61daf2bf4f,1611821593,redeem,0x4ddc2d193948926d02f9b1fe9e1daa0718270ed5,cETH,0,154274,56000000000,0xe5412324009f1ee26da186aa63e5527aba5bf5940bf529d35890248b8920a4c9,11743162,False
0x24b3460622d835c56d9a4fe352966b9bdc6c20af,1605125032,supply,0x39aa39c021dfbae8fac545936693ac917d5e7563,cUSDC,0,174552,50000000000,0x6a3bbfa96b5b1e581b849fba04f1344a2ad3801cc2b54b36210aac7d4ac40244,11238356,False
0x26750f1f4277221bdb5f6991473c6ece8c821f9d,1607926176,supply,0x39aa39c021dfbae8fac545936693ac917d5e7563,cUSDC,0,202745,45000000000,0x712d88a35b59c76b64096b45284ab438f437193ce28e7dfe3e3e3f9bf991f12d,11449384,False
0x27f72a000d8e9f324583f3a3491ea66998275b28,1604694213,supply,0x39aa39c021dfbae8fac545936693ac917d5e7563,cUSDC,0,174552,25000000000,0xa11b3441eaa85bfd8fbdd210d4b7c12892176030137219975fd7ff49022d492c,11205910,False
0x2844658bf341db96aa247259824f42025e3bcec2,1608073230,supply,0x39aa39c021dfbae8fac545936693ac917d5e7563,cUSDC,0,174525,48400000000,0x7f72718cbd9c7ec66229d04dfe55ff02d93be623f2d1328d5ef06448c4b0e738,11460499,False
0x2a2fde3e1beb508fcf7c137a1d5965f13a17825e,1604195838,supply,0x39aa39c021dfbae8fac545936693ac917d5e7563,cUSDC,0,174552,15100000000,0x779b2d93061c731e809896fcae26cbdce1bc40ccc8455aecea20eef99d5891ec,11168344,False
0x330513970efd9e8dd606275fb4c50378989b3204,1567324389,borrow,0x39aa39c021dfbae8fac545936693ac917d5e7563,cUSDC,0,343374,5250000000,0x2d0d7708280a93b884cf72afa965a395f40f27e585da4872a51f4476cc8059f7,8463172,False
0x330513970efd9e8dd606275fb4c50378989b3204,1567324456,repay,0x39aa39c021dfbae8fac545936693ac917d5e7563,cUSDC,0,112760,5250000000,0xca91601bd129b9fe809fd1b545ffbca5be3499516e575e036c5921b7cf1eb0f7,8463178,False
0x330513970efd9e8dd606275fb4c50378989b3204,1567402792,borrow,0x39aa39c021dfbae8fac545936693ac917d5e7563,cUSDC,0,315324,5500000000,0xfc278c9731d960269c42ed34af06e433657f90c8f410897e84ac990020b11fd0,8468949,False
0x330513970efd9e8dd606275fb4c50378989b3204,1567403226,repay,0x39aa39c021dfbae8fac545936693ac917d5e7563,cUSDC,0,112760,2000000000,0x5b069b787aabc6b006a7ecb6a9d1fdd66794a5f22cc61da6043329fbec896710,8468975,False
0x330513970efd9e8dd606275fb4c50378989b3204,1567496017,borrow,0x39aa39c021dfbae8fac545936693ac917d5e7563,cUSDC,0,315324,4000000000,0x5bd1f5b49afa3cb73a15c7ab01101c14269b58182b28d3030a617ef18ae82b19,8475895,False
0x330513970efd9e8dd606275fb4c50378989b3204,1567496487,repay,0x39aa39c021dfbae8fac545936693ac917d5e7563,cUSDC,0,112760,4250000000,0xaee040d07393f13ceb84e78d0c2363e9b17538138404ec0aec0af1fc7b2727b9,8475936,False
0x330513970efd9e8dd606275fb4c50378989b3204,1569831298,redeem,0x4ddc2d193948926d02f9b1fe9e1daa0718270ed5,cETH,0,281895,15000000000,0x01ccaf88dd3cf8de32aa36161e8b0d3437edb7fdcb5f62e5548b90261d331805,8648977,False
0x3361bea43c2f5f963f81ac70f64e6fba1f1d2a97,1581662342,supply,0x5d3a536e4d6dbd6114cc1ead35777bab948e3643,cDAI,0,278347,5000000000,0x7910abe65a277a1dcdf074167e22077038ae125a7a40dcfc1e67b9abbcbc08d1,9479605,False
0x3361bea43c2f5f963f81ac70f64e6fba1f1d2a97,1581680081,redeem,0x5d3a536e4d6dbd6114cc1ead35777bab948e3643,cDAI,0,259162,7500000000,0x2b10999c6868498047202053ef5b0c4294ec22004c9fa27f71e56df114d16d18,9480891,False
0x3867d222ba91236ad4d12c31056626f9e798629c,1607860030,supply,0x39aa39c021dfbae8fac545936693ac917d5e7563,cUSDC,0,174525,17100000000,0x3fffbd49fa8e0f40810da5e4fdd7f694d2726eba4096320128c4f7e2a461814a,11444496,False
0x3a44be4581137019f83021eeee72b7dc57756069,1603475880,supply,0x39aa39c021dfbae8fac545936693ac917d5e7563,cUSDC,0,174552,40000000000,0xd0b6db992ad492169d6280740a7e6993b37c1680ebe4df16db61385a92870d4b,11114055,False
0x3e69ad05716bdc834db72c4d6d44439a7c8a902b,1605293172,supply,0x39aa39c021dfbae8fac545936693ac917d5e7563,cUSDC,0,174552,24000000000,0xf6940ca619b3b3822ca89c5fc50cd24a6a76b96cffde125de54d9817dd78e321,11251053,False
0x427f2ac5fdf4245e027d767e7c3ac272a1f40a65,1564515592,supply,0xf5dce57282a584d2746faf1593d3121fcac444dc,cSAI,0,114973,2000000000,0x52b3080ac2eab637c7fda5e1931eb223643f5eee2cea73c051a9f1b397cca9f1,8253926,False
0x427f2ac5fdf4245e027d767e7c3ac272a1f40a65,1564515872,supply,0xf5dce57282a584d2746faf1593d3121fcac444dc,cSAI,0,100101,2000000000,0xd09140da838fe7b7d929d37c38ad72b791c5fb68703781b8ddbf28238a7ae188,8253948,False
0x427f2ac5fdf4245e027d767e7c3ac272a1f40a65,1564608049,supply,0xf5dce57282a584d2746faf1593d3121fcac444dc,cSAI,0,100101,2000000000,0x3312759fe08ef8871494afd061a1b79685a75c20c2736c7444ff60eeea5db11a,8260800,False
0x427f2ac5fdf4245e027d767e7c3ac272a1f40a65,1564626145,supply,0xf5dce57282a584d2746faf1593d3121fcac444dc,cSAI,0,100101,2650000000,0x04923e91bca733c4f68e5c4ac093b4b5be2a8f33dbb8211d810f4961e3276b11,8262147,False
0x427f2ac5fdf4245e027d767e7c3ac272a1f40a65,1564672895,supply,0xf5dce57282a584d2746faf1593d3121fcac444dc,cSAI,0,100101,6500000000,0xcafec92577ae9ec8d06974a01387cc25bbbc0b7e74287beaf5b17756ddc7d52d,8265601,False
0x427f2ac5fdf4245e027d767e7c3ac272a1f40a65,1565105339,supply,0xf5dce57282a584d2746faf1593d3121fcac444dc,cSAI,0,100101,4000000000,0xfd672d3939921853738eb154c39bc9c2b3f98a558513ca81b4fb68d9c1497299,8297887,False
0x427f2ac5fdf4245e027d767e7c3ac272a1f40a65,1565185110,supply,0xf5dce57282a584d2746faf1593d3121fcac444dc,cSAI,0,100101,4250000000,0x233298982f1cb7b56ed438b4d136c6bb5fcbeae1ef6254bd27014ac3013a2734,8303847,False
0x427f2ac5fdf4245e027d767e7c3ac272a1f40a65,1565393026,supply,0xf5dce57282a584d2746faf1593d3121fcac444dc,cSAI,0,100101,2000000000,0x4855cfab685c638e595d5f1ed1a64bf1858057ca202d59782ee674748611f774,8319301,False
0x427f2ac5fdf4245e027d767e7c3ac272a1f40a65,1566051091,supply,0xf5dce57282a584d2746faf1593d3121fcac444dc,cSAI,0,100101,3050000000,0x7038fb56efd688107da409da9aef1fb032c0f592037a0da02c16c96c7a36fefe,8368469,False
0x427f2ac5fdf4245e027d767e7c3ac272a1f40a65,1566764775,supply,0xf5dce57282a584d2746faf1593d3121fcac444dc,cSAI,0,100101,5000000000,0x3330e4e2af96ae0d129bcde156b1decc707461440493e1c9d9c82786d9bec48a,8421523,False
0x427f2ac5fdf4245e027d767e7c3ac272a1f40a65,1570225452,supply,0xf5dce57282a584d2746faf1593d3121fcac444dc,cSAI,0,100165,4500000000,0x91eca71cbba170f534e47495627518b95ae758d376eef7807c05122282aaab28,8678162,False
0x427f2ac5fdf4245e027d767e7c3ac272a1f40a65,1571499111,redeem,0xf5dce57282a584d2746faf1593d3121fcac444dc,cSAI,0,127656,7600000000,0x769dfc4da7b63c605b75aa1b442e4d2aba8cdaf5984e46e532a802d76c24e8ea,8772041,False
0x427f2ac5fdf4245e027d767e7c3ac272a1f40a65,1571794082,redeem,0xf5dce57282a584d2746faf1593d3121fcac444dc,cSAI,0,111958,6000000000,0x73204e466d04f69cc0e7f9bc48670fa2ae4d16a1fc5fee94a55ca5cf0fff46c7,8793744,False
0x427f2ac5fdf4245e027d767e7c3ac272a1f40a65,1576277186,borrow,0x5d3a536e4d6dbd6114cc1ead35777bab948e3643,cDAI,0,553830,4550000000,0xe19ecf9c2d09a0f89a26b73609799678f6237bacc4c78f82f70898f8722e284c,9102342,False
0x427f2ac5fdf4245e027d767e7c3ac272a1f40a65,1576604609,borrow,0x5d3a536e4d6dbd6114cc1ead35777bab948e3643,cDAI,0,529380,10500000000,0xb886d1b3c83ffa4a9ccd86996f6883f04792a6cb7ecb6f3b27d8450d860503da,9121713,False
0x427f2ac5fdf4245e027d767e7c3ac272a1f40a65,1576635621,redeem,0x4ddc2d193948926d02f9b1fe9e1daa0718270ed5,cETH,0,466766,4700000000,0x58c8287a49d37f4f72d5f5a3f99a178055defebab22c917c07f7ce44ecde7561,9123455,False
0x427f2ac5fdf4245e027d767e7c3ac272a1f40a65,1576635933,repay,0x5d3a536e4d6dbd6114cc1ead35777bab948e3643,cDAI,0,121581,6500000000,0xd3938991caba52ac2ee76a6b754983b1d6a4b46f8b48fa0a38f0e199dd404a94,9123474,False
0x427f2ac5fdf4245e027d767e7c3ac272a1f40a65,1576721265,borrow,0x5d3a536e4d6dbd6114cc1ead35777bab948e3643,cDAI,0,529380,5000000000,0xbb54a44a90b19b1261b57de78254833f3ce10b2ef63ed20f5ef831ebb89d943c,9128472,False
0x427f2ac5fdf4245e027d767e7c3ac272a1f40a65,1577059941,borrow,0x5d3a536e4d6dbd6114cc1ead35777bab948e3643,cDAI,0,657838,3000000000,0x2d09e2b0b4761b7e7b4ce05a96feef03a952131cdb4855ed3590e5b5b915da9d,9148111,False
0x427f2ac5fdf4245e027d767e7c3ac272a1f40a65,1577067917,repay,0x5d3a536e4d6dbd6114cc1ead35777bab948e3643,cDAI,0,255036,3000000000,0x0ff2e9260f0c242a93c02aea75f042e9dd570d5181b4fd21e95477ba19f72f70,9148565,False
0x427f2ac5fdf4245e027d767e7c3ac272a1f40a65,1577799023,borrow,0x5d3a536e4d6dbd6114cc1ead35777bab948e3643,cDAI,0,657771,6000000000,0xac517a0d7da7a80abcc304afc5677183b3cbeaae405c7b2654fa89938d3a3e36,9191071,False
0x427f2ac5fdf4245e027d767e7c3ac272a1f40a65,1577801805,repay,0x5d3a536e4d6dbd6114cc1ead35777bab948e3643,cDAI,0,219875,6000000000,0x3678f197f4feaa6364d4dde3646cc82a126243c1d6e8db916c41bf5826a61bef,9191228,False
0x427f2ac5fdf4245e027d767e7c3ac272a1f40a65,1580919142,repay,0x5d3a536e4d6dbd6114cc1ead35777bab948e3643,cDAI,0,220203,5800000000,0x468296cdb3c3cb78d6548f52a887a09c0538950cd030224e28af6021f0f58f0f,9423629,False
0x427f2ac5fdf4245e027d767e7c3ac272a1f40a65,1580919214,supply,0x5d3a536e4d6dbd6114cc1ead35777bab948e3643,cDAI,0,239653,5800000000,0x7bc1334cf990f5c1806aa3ff5515b1e92a9a2de58031e98dae68528285b87423,9423632,False
0x427f2ac5fdf4245e027d767e7c3ac272a1f40a65,1580926595,redeem,0x4ddc2d193948926d02f9b1fe9e1daa0718270ed5,cETH,0,466999,6500000000,0x7a1a30132f113a5e77e6758ca6406c74487d908cac9ce29995a52f2ca5e259d4,9424177,False
0x427f2ac5fdf4245e027d767e7c3ac272a1f40a65,1580945466,supply,0x5d3a536e4d6dbd6114cc1ead35777bab948e3643,cDAI,0,224629,5500000000,0x49070f9cfb8bff5037aa203882dee1be694a61264b2e89b65e575ce784b007d7,9425586,False
0x427f2ac5fdf4245e027d767e7c3ac272a1f40a65,1581045803,redeem,0x4ddc2d193948926d02f9b1fe9e1daa0718270ed5,cETH,0,466999,6500000000,0x4745c3ae780babfa3f6e69c538ed3058e238e3a5a5ecb49184b7a97a6fbd26c7,9433147,False
0x427f2ac5fdf4245e027d767e7c3ac272a1f40a65,1581047088,supply,0x5d3a536e4d6dbd6114cc1ead35777bab948e3643,cDAI,0,263873,6500000000,0x8fc138e538fd6dc2fcf9cb7b36cb37d4c3a71ff41008beeb9dd4ab6c8d68a012,9433261,False
0x427f2ac5fdf4245e027d767e7c3ac272a1f40a65,1581167169,supply,0x5d3a536e4d6dbd6114cc1ead35777bab948e3643,cDAI,0,263070,4500000000,0xb0124ff883e57ddeea1b467a4a297ec568e16c05d17e61f29c40090f9a70a260,9442265,False
0x427f2ac5fdf4245e027d767e7c3ac272a1f40a65,1581652145,redeem,0x5d3a536e4d6dbd6114cc1ead35777bab948e3643,cDAI,0,626407,5550000000,0xc974492fc9dcdd41508aa4b01d993c2bf06109e25c249ef6baf08395b1c299c7,9478822,False
0x427f2ac5fdf4245e027d767e7c3ac272a1f40a65,1582379128,supply,0x5d3a536e4d6dbd6114cc1ead35777bab948e3643,cDAI,0,264103,4000000000,0xc4700bc955b7c561fb4a7a74995cb1002049a9d608540e5270fa95466c18f4d0,9533469,False
0x427f2ac5fdf4245e027d767e7c3ac272a1f40a65,1582768047,redeem,0x4ddc2d193948926d02f9b1fe9e1daa0718270ed5,cETH,0,434473,7000000000,0xb04795d02586d4e3354bdc9131c7e53ca0a5358fa4ca5db952932e5b1fba5c65,9562783,False
0x427f2ac5fdf4245e027d767e7c3ac272a1f40a65,1584310077,redeem,0x5d3a536e4d6dbd6114cc1ead35777bab948e3643,cDAI,0,611165,4000000000,0xf1a1c248a1cfb19360c02449ec9be3546d302e9a72c96c35be2a74b05099a304,9678689,False
0x427f2ac5fdf4245e027d767e7c3ac272a1f40a65,1584381002,supply,0x5d3a536e4d6dbd6114cc1ead35777bab948e3643,cDAI,0,242743,7500000000,0x8156207efecfdb31d44e91118a57e1314036b669d9550197906bb20dadc49189,9684036,False
0x427f2ac5fdf4245e027d767e7c3ac272a1f40a65,1584468256,supply,0x5d3a536e4d6dbd6114cc1ead35777bab948e3643,cDAI,0,250412,5500000000,0xb84f486b7601790667606cc7704bbf09b5aad43df24213235c926a3a0674de51,9690566,False
0x427f2ac5fdf4245e027d767e7c3ac272a1f40a65,1584717697,redeem,0x5d3a536e4d6dbd6114cc1ead35777bab948e3643,cDAI,0,598374,8500000000,0x5f750478652c74f2f460e062716931fb5999bd5269e3ac6a51e294518d76d4bd,9709312,False
0x427f2ac5fdf4245e027d767e7c3ac272a1f40a65,1669055135,withdraw,0xc3d688b66703497daa19211eedff47f25384cdc3,cUSDCv3,0,56196,21467962525,0xc0e9b234315fb686aa84fc8208a1fbccdf8b010d5b5772a891fc2be9f2b28826,16020167,True
0x427f2ac5fdf4245e027d767e7c3ac272a1f40a65,1669228823,withdraw,0xc3d688b66703497daa19211eedff47f25384cdc3,cUSDCv3,0,150041,18179672263,0xd7d9433f867b359b9479aa37e57517a73aed3a7b3db5055b11d4f06ce1ff077b,16034543,False
0x427f2ac5fdf4245e027d767e7c3ac272a1f40a65,1669981847,borrow,0x39aa39c021dfbae8fac545936693ac917d5e7563,cUSDC,0,527215,11499829765,0xc9d4c72fe4f84384426e5262809da73b2ced8826c1646b9f623e1a72528db8eb,16096937,False
0x427f2ac5fdf4245e027d767e7c3ac272a1f40a65,1670792927,borrow,0x39aa39c021dfbae8fac545936693ac917d5e7563,cUSDC,0,480784,13059568657,0xdaa0cc52c6ec8a6be575025b1b839dbc8c84774085b87524397915fe49cf75d4,16164055,False
0x427f2ac5fdf4245e027d767e7c3ac272a1f40a65,1670793191,withdraw,0xc3d688b66703497daa19211eedff47f25384cdc3,cUSDCv3,0,133294,12740484083,0xefd6145acd739aebf0b5c04b7af7332ad5d7adbbd9e18282e602c7245cd9742f,16164077,False
0x427f2ac5fdf4245e027d767e7c3ac272a1f40a65,1670933975,withdraw,0xc3d688b66703497daa19211eedff47f25384cdc3,cUSDCv3,0,150394,13752166775,0x69f855edb594c3ac3b572cfd66da9cb772981dbe8119a81f17212625d935d535,16175742,False
0x427f2ac5fdf4245e027d767e7c3ac272a1f40a65,1679180747,withdraw,0xc3d688b66703497daa19211eedff47f25384cdc3,cUSDCv3,0,150382,14210816335,0x637d8c1d2b55605d16ccaf9cd26afe4b0866e82baf1a383b38d7cff7d71e3d89,16857799,False
0x427f2ac5fdf4245e027d767e7c3ac272a1f40a65,1679181047,repay,0x39aa39c021dfbae8fac545936693ac917d5e7563,cUSDC,0,164437,15335377776,0x66a4ba85da6ea9e4054f4641d98e83e8259a5b544262db3310d5b099fd9db940,16857824,False
0x427f2ac5fdf4245e027d767e7c3ac272a1f40a65,1688430191,withdraw,0xc3d688b66703497daa19211eedff47f25384cdc3,cUSDCv3,0,150657,12995020839,0x7ec920a9f477078001e2caac7a03916f7e4d633d9a69bf67aa065c94af3683e9,17616976,False
0x427f2ac5fdf4245e027d767e7c3ac272a1f40a65,1733536931,supply,0xc3d688b66703497daa19211eedff47f25384cdc3,cUSDCv3,0,86335,13552746882,0xd5aac4deb2a6bed11d6e9133005eddbfb8e5f4ec28041c7a0b533abc58610ad4,21347501,False
0x427f2ac5fdf4245e027d767e7c3ac272a1f40a65,1733537111,redeem,0x4ddc2d193948926d02f9b1fe9e1daa0718270ed5,cETH,0,654671,12335696365,0xa10da53771e9830842c0a99b48dccef2a80711c76db721c84353e432da6c4dea,21347516,False
0x427f2ac5fdf4245e027d767e7c3ac272a1f40a65,1733580035,redeem,0x4ddc2d193948926d02f9b1fe9e1daa0718270ed5,cETH,0,654671,12510046921,0x545ecc1d1dcb7a4de45590b9963859137c60f25b0a1635b0cd37c8b044b09f0a,21351072,False
0x4814be124d7fe3b240eb46061f7ddfab468fe122,1603740780,supply,0x39aa39c021dfbae8fac545936693ac917d5e7563,cUSDC,0,174552,22000000000,0x0f095a73f96388bb5c4a0f997384b2a96c574c3cdfe4b4cf740ba13daba3ca12,11133958,False
0x4814be124d7fe3b240eb46061f7ddfab468fe122,1603750264,supply,0x5d3a536e4d6dbd6114cc1ead35777bab948e3643,cDAI,0,311907,16000000000,0xd682e71a1b40fe4b4fbdc01bcd90ab9e040ecba2541852c402342ccd419f957f,11134677,False
0x4814be124d7fe3b240eb46061f7ddfab468fe122,1603856161,supply,0x39aa39c021dfbae8fac545936693ac917d5e7563,cUSDC,0,148802,37000000000,0x2fe2e96b5c4c3eb805d24f1f1067c1523829032ebff953858613b02040ae9c51,11142700,False
0x4814be124d7fe3b240eb46061f7ddfab468fe122,1603942416,supply,0x5d3a536e4d6dbd6114cc1ead35777bab948e3643,cDAI,0,286226,39000000000,0x92bb3e918e08bfa4fd0eec984baebda21aa839965ee66baef4840e307031c787,11149230,False
0x4814be124d7fe3b240eb46061f7ddfab468fe122,1603943188,borrow,0xf650c3d88d12db855b8bf7d11be6c55a4e07dcc9,cUSDT,0,381687,39000000000,0xe5acfee07f8f8b5f8a75edfad52de74e6a2e4ba38c600a7c9ce9ac4828b6781f,11149282,False
0x4814be124d7fe3b240eb46061f7ddfab468fe122,1603944342,redeem,0x4ddc2d193948926d02f9b1fe9e1daa0718270ed5,cETH,0,260312,46000000000,0x9018ea6fbb46bb8d9ba8e1ea23c7e139e463df6a652ebf47638edf8750b76e84,11149354,False
0x4814be124d7fe3b240eb46061f7ddfab468fe122,1603946204,borrow,0xc11b1268c1a384e55c48c2391d8d480264a3a7f4,cWBTC,0,440220,16000001459,0x444779bcf0d1fd2989d5f83caf46dbe3f4bcc17c6e59839f32d559430649e68a,11149510,False
0x4814be124d7fe3b240eb46061f7ddfab468fe122,1603948348,supply,0xf650c3d88d12db855b8bf7d11be6c55a4e07dcc9,cUSDT,0,190497,21000000000,0xfc60008f22d06b8617ad8667eeacebfd9b79a885222143bcd32255286de08448,11149673,False
0x4814be124d7fe3b240eb46061f7ddfab468fe122,1603950538,supply,0xc11b1268c1a384e55c48c2391d8d480264a3a7f4,cWBTC,0,189240,19000000000,0xfb6fad25095ec2dc7311d7daeed5a415aaf0ed9d4e81b0d5adb55a7c0206d110,11149849,False
0x4814be124d7fe3b240eb46061f7ddfab468fe122,1603958459,borrow,0x70e36f6bf80a52b3b46b3af8e106cc0ed743e8e4,cCOMP,0,430261,33000000000,0x13c12ff766909f970d1a70111c5e6baeced8c5b5ad9d36aecbb9d14a982db891,11150455,False
0x4814be124d7fe3b240eb46061f7ddfab468fe122,1604097221,redeem,0x4ddc2d193948926d02f9b1fe9e1daa0718270ed5,cETH,0,120324,17000000000,0xd5cfa6f78a717854e9505663660355d62adce3d1d1081c8a0beaecb77da3756d,11160857,False
0x4814be124d7fe3b240eb46061f7ddfab468fe122,1604105234,supply,0x5d3a536e4d6dbd6114cc1ead35777bab948e3643,cDAI,0,286569,22000000000,0x439b727a9e1de9d277c7387b069b3562a88940fc40d7886be97af7a8c9f81085,11161513,False
0x4814be124d7fe3b240eb46061f7ddfab468fe122,1604162727,redeem,0xf650c3d88d12db855b8bf7d11be6c55a4e07dcc9,cUSDT,0,379876,55000000000,0x06558a1191f7281ac40fc6afa255d25c02a1fd931b7058ec823e3172385ceb0b,11165849,False
0x4814be124d7fe3b240eb46061f7ddfab468fe122,1604162795,repay,0xf650c3d88d12db855b8bf7d11be6c55a4e07dcc9,cUSDT,0,165112,55000000000,0x7eb55e755098ffc669ff428255c6baceec50614f85cc855a3f915fb0e1e333c3,11165854,False
0x4814be124d7fe3b240eb46061f7ddfab468fe122,1604163003,borrow,0x4ddc2d193948926d02f9b1fe9e1daa0718270ed5,cETH,0,441339,55000000000,0x25a3c27bb38ce51577eb2bffb2b530497553a6c936214918aa254d3e1b9d3d98,11165869,False
0x4814be124d7fe3b240eb46061f7ddfab468fe122,1604194012,redeem,0x5d3a536e4d6dbd6114cc1ead35777bab948e3643,cDAI,0,344330,19000000000,0x3de0c25638fb0d7179ccec6563ca7502cbbc81fda13da982359a9f03783f80b2,11168202,False
0x4814be124d7fe3b240eb46061f7ddfab468fe122,1604194067,redeem,0x39aa39c021dfbae8fac545936693ac917d5e7563,cUSDC,0,308538,19100000000,0xac2454766cf817c041fc6a742bc57e38d10b52e3e5f2468384b52e9103769ecb,11168206,False
0x4814be124d7fe3b240eb46061f7ddfab468fe122,1604194377,redeem,0xc11b1268c1a384e55c48c2391d8d480264a3a7f4,cWBTC,0,385188,21000001561,0xdbfea9bf20f0d1ad0a43cfa89a5016b16478d24c0a5aede45ec1cd5d252fcfc0,11168224,False
0x4814be124d7fe3b240eb46061f7ddfab468fe122,1604196064,repay,0xf650c3d88d12db855b8bf7d11be6c55a4e07dcc9,cUSDT,0,162414,14000000000,0x7ac32f95874357af2d5badf9229f3e88dd940bfaa52004852a008a87cbc507ca,11168368,False
0x4814be124d7fe3b240eb46061f7ddfab468fe122,1604199537,redeem,0x39aa39c021dfbae8fac545936693ac917d5e7563,cUSDC,0,305763,15600000000,0x55501cbaf8091add80f5d8c7de695a7970f9388d20ab8e760d4ddfb26aee5315,11168622,False
0x4814be124d7fe3b240eb46061f7ddfab468fe122,1604201241,repay,0xc11b1268c1a384e55c48c2391d8d480264a3a7f4,cWBTC,0,163904,17000000000,0xf9d6bfef7748ac941db0d45063c33c9529a4d8c9110d32bc2c70cd5f3d8957c5,11168737,False
0x4814be124d7fe3b240eb46061f7ddfab468fe122,1604202851,borrow,0xf650c3d88d12db855b8bf7d11be6c55a4e07dcc9,cUSDT,0,411886,13832081630,0x3a1dbe3c51c045ae97045d41d9c76a6a4bb90653a94037f47a057574453a06c0,11168866,False
0x4814be124d7fe3b240eb46061f7ddfab468fe122,1604205001,supply,0xf650c3d88d12db855b8bf7d11be6c55a4e07dcc9,cUSDT,0,175486,14100000000,0x821527573d4f35eac5e5eb03f2b8c05b7ea3d0b04e488b2edd9943d954271a6e,11169042,False
0x4814be124d7fe3b240eb46061f7ddfab468fe122,1604252950,redeem,0xf650c3d88d12db855b8bf7d11be6c55a4e07dcc9,cUSDT,0,408798,17000000000,0x49cda5865c945eb9eb62d4f46698abfdf53edb51531e9ba6e8b71b42f5bdb5cd,11172640,False
0x4814be124d7fe3b240eb46061f7ddfab468fe122,1604253073,repay,0xf650c3d88d12db855b8bf7d11be6c55a4e07dcc9,cUSDT,0,162062,16000000000,0xa9fa15228d960c767d21d198894d400823d19cdc9dae9889b1e38b37df39a1f0,11172648,False
0x4814be124d7fe3b240eb46061f7ddfab468fe122,1604253992,redeem,0xc11b1268c1a384e55c48c2391d8d480264a3a7f4,cWBTC,0,404701,16700000000,0x2bbaa7f1002aebd67e2475898163c66022231db90888c46a87a8a94260871872,11172719,False
0x4814be124d7fe3b240eb46061f7ddfab468fe122,1604254383,borrow,0x4ddc2d193948926d02f9b1fe9e1daa0718270ed5,cETH,0,435534,17535000000,0x744dae48c78481c6a73833ad89fab02bb26d5d5bbbe83bd33874dc8cda4e033e,11172747,False
0x4814be124d7fe3b240eb46061f7ddfab468fe122,1604255108,repay,0x70e36f6bf80a52b3b46b3af8e106cc0ed743e8e4,cCOMP,0,208795,18000000000,0x0be6d7171efb128f7d45f6107e372b0cfa3b177b6eea83070045fe8994b26737,11172804,False
0x4814be124d7fe3b240eb46061f7ddfab468fe122,1604255926,supply,0x39aa39c021dfbae8fac545936693ac917d5e7563,cUSDC,0,180095,18370000000,0x6c87d189392810c1c6ed7f85613b4736dce4fc86bd8074265c76e453648d76ac,11172860,False
0x4814be124d7fe3b240eb46061f7ddfab468fe122,1604335924,supply,0x5d3a536e4d6dbd6114cc1ead35777bab948e3643,cDAI,0,342914,47000000000,0x94f8d5c010eeb41456ce555d7759493f95a20cb406e98169e915c04f718e8512,11178863,False
0x4814be124d7fe3b240eb46061f7ddfab468fe122,1604336911,borrow,0x70e36f6bf80a52b3b46b3af8e106cc0ed743e8e4,cCOMP,0,458966,44000000000,0x1cc8c9bbf20c8b30a747ba1dd6c9fa4be76e4c90022fd87f81cb23153f32cded,11178933,False
0x4814be124d7fe3b240eb46061f7ddfab468fe122,1604429491,repay,0x70e36f6bf80a52b3b46b3af8e106cc0ed743e8e4,cCOMP,0,208795,25000000000,0xca4b6eef291e78d7671132a832b27bb84052c4b8a754922fa7c82b5b45f63767,11185871,False
0x4814be124d7fe3b240eb46061f7ddfab468fe122,1604429855,borrow,0x70e36f6bf80a52b3b46b3af8e106cc0ed743e8e4,cCOMP,0,458966,16100000000,0x1c38e12637c6072c3e35ccd444f7dd91e79a9a2c27bd71ad6b27de0577e6bbfc,11185905,False
0x4814be124d7fe3b240eb46061f7ddfab468fe122,1604534367,repay,0xc11b1268c1a384e55c48c2391d8d480264a3a7f4,cWBTC,0,163904,16000000000,0x01ffe003ad24de8aeac844d1dec657c3aa84275939fd2c303a2ffa9f5a264c40,11193842,False
0x4814be124d7fe3b240eb46061f7ddfab468fe122,1604539537,borrow,0x4ddc2d193948926d02f9b1fe9e1daa0718270ed5,cETH,0,385232,23000000000,0x4a5653d9bca9c87b028f2c64f3a6bf971ed6ffa2f085318de16d645b3e8a709d,11194210,False
0x4814be124d7fe3b240eb46061f7ddfab468fe122,1604542454,supply,0x5d3a536e4d6dbd6114cc1ead35777bab948e3643,cDAI,0,286294,24000000000,0x37891ade23d8ca5abc71dad6e3646bc1241e9df499af43da56fa8e9bcfe4a113,11194424,False
0x4814be124d7fe3b240eb46061f7ddfab468fe122,1604542919,borrow,0x70e36f6bf80a52b3b46b3af8e106cc0ed743e8e4,cCOMP,0,432828,24000001235,0xc8c53df637b191b77111ed24677928c3576249a1859406490850d7c60fa2c004,11194461,False
0x4814be124d7fe3b240eb46061f7ddfab468fe122,1604683717,supply,0xb3319f5d18bc0d84dd1b4825dcde5d5f7266d407,cZRX,0,167149,38000000000,0x7bfe385fc4563e6de68ab06ec956bd57a0df7546f668188a196b84af4d30dedb,11205143,False
0x4814be124d7fe3b240eb46061f7ddfab468fe122,1605846235,supply,0xf650c3d88d12db855b8bf7d11be6c55a4e07dcc9,cUSDT,0,175486,52000000000,0xd760c5471406bb5f0d3736795c00ec666003c13c6582bcd64c01f28ae6bf700e,11292755,False
0x4814be124d7fe3b240eb46061f7ddfab468fe122,1605989151,supply,0xf650c3d88d12db855b8bf7d11be6c55a4e07dcc9,cUSDT,0,179747,41000000000,0xe195cba339e23e6a2b33cd22ba6626a59a71610e91c5f59857e99bffa205cd10,11303539,False
0x4814be124d7fe3b240eb46061f7ddfab468fe122,1607824222,repay,0x70e36f6bf80a52b3b46b3af8e106cc0ed743e8e4,cCOMP,0,193759,19800000000,0xe7f501e3d2ca68a81166ccf4dc8f784f70a1e63f40a9c9bd033da7b3d9c375c3,11441741,False
0x4814be124d7fe3b240eb46061f7ddfab468fe122,1607825150,supply,0x70e36f6bf80a52b3b46b3af8e106cc0ed743e8e4,cCOMP,0,192416,27500000000,0x660770e40a5d978bd4ed31b559621969df66cfb31168e89ebf15cedea821855f,11441808,True
0x4814be124d7fe3b240eb46061f7ddfab468fe122,1607825434,redeem,0xb3319f5d18bc0d84dd1b4825dcde5d5f7266d407,cZRX,0,311156,24210000000,0xae10ce752c8f95bcd5ebca2473d46c4dce65b434d99260dbddb2db7a083cfa30,11441823,False
0x4814be124d7fe3b240eb46061f7ddfab468fe122,1607825561,supply,0x70e36f6bf80a52b3b46b3af8e106cc0ed743e8e4,cCOMP,0,192416,38500000000,0xe631222a8f928b05908fad4011edc4adf41054ce8012d22aa15adaf476a488cc,11441835,True
0x4814be124d7fe3b240eb46061f7ddfab468fe122,1607825928,supply,0x70e36f6bf80a52b3b46b3af8e106cc0ed743e8e4,cCOMP,0,192416,33000000000,0xaf080f5bbc29eec4446286e91bb5b9ac592845df844327237cf939d508cc37fd,11441858,True
0x4814be124d7fe3b240eb46061f7ddfab468fe122,1607826075,supply,0x70e36f6bf80a52b3b46b3af8e106cc0ed743e8e4,cCOMP,0,202861,22000000233,0xd6a91bbb9ec63ccb106d20a93fcefe1900bc91100ddf0da590f5d6a1118e7b4b,11441867,False
0x4814be124d7fe3b240eb46061f7ddfab468fe122,1607826829,redeem,0xb3319f5d18bc0d84dd1b4825dcde5d5f7266d407,cZRX,0,151915,23000001459,0x5ef303492ac33f869e6aaefe7e131ed94c62af27bc11bdcaa3848efeefd244ef,11441914,False
0x4814be124d7fe3b240eb46061f7ddfab468fe122,1607828860,supply,0x39aa39c021dfbae8fac545936693ac917d5e7563,cUSDC,0,176995,31900000000,0x43d6271ac9050fc36a96ada65339eaa51cc19bd166a8a4f3503200384e8f7ba5,11442061,False
0x4814be124d7fe3b240eb46061f7ddfab468fe122,1607969735,supply,0xf650c3d88d12db855b8bf7d11be6c55a4e07dcc9,cUSDT,0,218186,22000000000,0x298eb8017f13baa0cdffddd7f2a5941ca6afd6d1b587d0b7d55d2a8711d0372e,11452675,False
0x4814be124d7fe3b240eb46061f7ddfab468fe122,1608044002,supply,0x70e36f6bf80a52b3b46b3af8e106cc0ed743e8e4,cCOMP,0,191718,132000000000,0xbad58d04408833d5fb0d050a9b9a30281525b1f992d84519adedfed1e6f2d0a9,11458295,True
0x4814be124d7fe3b240eb46061f7ddfab468fe122,1608046488,supply,0x70e36f6bf80a52b3b46b3af8e106cc0ed743e8e4,cCOMP,0,191718,129800000000,0xbf8248c1e457d9080b0884f51a6e8d0177a66a2b392e183c134099ce0a4487ef,11458478,True
0x4814be124d7fe3b240eb46061f7ddfab468fe122,1608047614,supply,0x70e36f6bf80a52b3b46b3af8e106cc0ed743e8e4,cCOMP,0,207122,35000000673,0x270bb6ab42221985303e6a3fecb7a93d4147db2ec7e09fc842baa1b93be5b0ce,11458566,False
0x4814be124d7fe3b240eb46061f7ddfab468fe122,1608222579,supply,0xf650c3d88d12db855b8bf7d11be6c55a4e07dcc9,cUSDT,0,164708,152900000000,0xc68562728de83bd71b6cf97bfcfd3e5d852c964b94865ec8eaa591f06ee63d20,11471769,False
0x4814be124d7fe3b240eb46061f7ddfab468fe122,1609020486,redeem,0x70e36f6bf80a52b3b46b3af8e106cc0ed743e8e4,cCOMP,0,380060,55000000000,0xe3d87cc3c59ec7ab04fab13a2a7acc9e48c4d4dedae7eb691dc78bf27e3a9da7,11531939,False
0x4814be124d7fe3b240eb46061f7ddfab468fe122,1609020696,supply,0x39aa39c021dfbae8fac545936693ac917d5e7563,cUSDC,0,179942,56100000000,0xd1b74dfac9ca5b61bc14c12ded15b2c6f5b7cf8d89f41a4c8492b37c933caf28,11531955,False
0x4814be124d7fe3b240eb46061f7ddfab468fe122,1609785966,supply,0xf650c3d88d12db855b8bf7d11be6c55a4e07dcc9,cUSDT,0,164594,110000000000,0x88f9e72716f3b8001b14f1e08c37d8cffc6fe2a03fb958f59711c422bae5a486,11589710,False
0x4814be124d7fe3b240eb46061f7ddfab468fe122,1616943808,redeem,0xf650c3d88d12db855b8bf7d11be6c55a4e07dcc9,cUSDT,0,324023,108000000000,0xba818012a6d975fc3136a7aa17a7ab92e423e4f851f24b0c40deef5a5bdd0060,12128333,False
0x4814be124d7fe3b240eb46061f7ddfab468fe122,1616943918,redeem,0x39aa39c021dfbae8fac545936693ac917d5e7563,cUSDC,0,230748,128700000000,0x242f1e998d7117b126bcc9bcc8268532b38a8d909c25f420c3458853870504e0,12128342,False
0x4814be124d7fe3b240eb46061f7ddfab468fe122,1616944011,redeem,0x39aa39c021dfbae8fac545936693ac917d5e7563,cUSDC,0,345646,106000001459,0xd186425dc867b4ed57be0b86ab154fee40e4507f2d676d528e9480ee00aa96ae,12128347,False
0x4839e666e2baf12a51bf004392b35972eeddeabf,1609262570,supply,0x39aa39c021dfbae8fac545936693ac917d5e7563,cUSDC,0,205704,160000000000,0x09c8a7f8946acc01021c805816509a7162e430264501902c93facf3c37b3e21b,11550229,False
0x4839e666e2baf12a51bf004392b35972eeddeabf,1609262628,supply,0x5d3a536e4d6dbd6114cc1ead35777bab948e3643,cDAI,0,183550,160000000000,0xdf7e217c91157c6bbc0f74ecb3fcd8d928ea36f3a126402337c1b5c41a0265e2,11550232,False
0x4839e666e2baf12a51bf004392b35972eeddeabf,1609263999,supply,0x5d3a536e4d6dbd6114cc1ead35777bab948e3643,cDAI,0,172788,120000000000,0x0c053dc9f2e726c573a21ae77290cc48698aad45dd5bd08a70c448c3d732a6e2,11550329,False
0x4839e666e2baf12a51bf004392b35972eeddeabf,1612861265,redeem,0x39aa39c021dfbae8fac545936693ac917d5e7563,cUSDC,0,180615,220000000000,0x88b673c7d74e3cdaf79d9b6861b87a60afe85959ff56a115e733c9c9755e1417,11821314,False
0x4839e666e2baf12a51bf004392b35972eeddeabf,1612861450,redeem,0x5d3a536e4d6dbd6114cc1ead35777bab948e3643,cDAI,0,168571,220000000000,0xe751c54e2e3c9010c631cb3f9bbdfdb8f9419a58b03cd861b20a955eeb77cdde,11821326,False
0x4d997c89bc659a3e8452038a8101161e7e7e53a7,1565380674,redeem,0x4ddc2d193948926d02f9b1fe9e1daa0718270ed5,cETH,0,254786,2000000000,0x7c14e0e43d4c7fa364a67c4c1b7e020af325e4f4fa5851ec6ed137b4a05784fa,8318381,False
0x4db0a72edb5ea6c55df929f76e7d5bb14e389860,1606084203,supply,0x39aa39c021dfbae8fac545936693ac917d5e7563,cUSDC,0,205845,40000000000,0xe4ce9997682cd3d2edb2d5484369866d44c989ab1aba814aece20a989d388bae,11310748,False
0x4e61251336c32e4fe6bfd5fab014846599321389,1607969274,supply,0x39aa39c021dfbae8fac545936693ac917d5e7563,cUSDC,0,202745,36000000000,0x2d3a247405f5f5d334dacda655161aa5a96a146c45afbbc657ca309de8772cd6,11452638,False
0x4e6e724f4163b24ffc7ffe662b5f6815b18b4210,1603925822,supply,0x39aa39c021dfbae8fac545936693ac917d5e7563,cUSDC,0,174552,23000000000,0x8e50f062366d60d9e82f09023632a9d54b107f568bfefb8bf5466fdd3d2c635a,11148011,False
0x507b6c0d950702f066a9a1bd5e85206f87b065ba,1633362670,redeem,0x4ddc2d193948926d02f9b1fe9e1daa0718270ed5,cETH,0,130614,157823383092,0xd90cfcf39972bec7cd9021ceddbf31f48ae7a7f3efbfbe6249adb7e50e2b55bc,13353481,False
0x56ba823641bfc317afc8459bf27feed6eb9ff59f,1605785485,supply,0x39aa39c021dfbae8fac545936693ac917d5e7563,cUSDC,0,177613,28000000000,0x9b19f476e93f69feb63440b5fcb1ac8297930a3b2738f232b15785d361417309,11288165,False
0x56cc2bffcb3f86a30c492f9d1a671a1f744d1d2f,1604433326,supply,0x39aa39c021dfbae8fac545936693ac917d5e7563,cUSDC,0,174552,18400000000,0x7875e4b5c9229539fcb3dd9128dde1329de7bfafd86830598d5ac367ecab260a,11186183,False
0x578cea5f899b0dfbf05c7fbcfda1a644b2a47787,1605980157,supply,0x39aa39c021dfbae8fac545936693ac917d5e7563,cUSDC,0,177613,65000000000,0xbb5c9f59e065dcb5999bdb227f16f44f28e3762e3326899e2d3b6a1756167fac,11302847,False
0x58c2a9099a03750e9842d3e9a7780cdd6aa70b86,1604489792,supply,0x39aa39c021dfbae8fac545936693ac917d5e7563,cUSDC,0,174552,24000000000,0x1e4823d1fa696f94a1e4eba4adf25e440ce287afb2b4a1212e8518f2fa4501aa,11190425,False
0x5e324b4a564512ea7c93088dba2f8c1bf046a3eb,1605827223,supply,0x39aa39c021dfbae8fac545936693ac917d5e7563,cUSDC,0,177613,24400000000,0x94f286638b16ac9750ee643eb941f331293740bb206cfe59d044d0df4d8e065c,11291373,False
0x612a3500559be7be7703de6dc397afb541a16f7f,1614170759,borrow,0x39aa39c021dfbae8fac545936693ac917d5e7563,cUSDC,0,322507,112000000000,0x375e78ed2d5a0e9d2444f38053bc28aff3f8596694a7c111af96f5e058bffc3d,11919910,False
0x612a3500559be7be7703de6dc397afb541a16f7f,1614771329,supply,0xb3319f5d18bc0d84dd1b4825dcde5d5f7266d407,cZRX,0,182019,83000000000,0x2cd76c2bede45e26b10fedbf7578b8c0e5da8c6889fcc7e94af35c85ed3da4bc,11965030,False
0x612a3500559be7be7703de6dc397afb541a16f7f,1614773282,repay,0x39aa39c021dfbae8fac545936693ac917d5e7563,cUSDC,0,192851,86000000000,0xa4f94b3920d639804348cdbfc18b90e6262d5cbc0659dc42fa44b45e4351576e,11965175,False
0x612a3500559be7be7703de6dc397afb541a16f7f,1614939625,repay,0x39aa39c021dfbae8fac545936693ac917d5e7563,cUSDC,0,178203,85000000000,0xe404727c4499af13f8466fb5a42809dce9073698236158ed9efc3cb9085315d9,11977721,False
0x612a3500559be7be7703de6dc397afb541a16f7f,1615121677,redeem,0xb3319f5d18bc0d84dd1b4825dcde5d5f7266d407,cZRX,0,265721,81122120000,0x1b772e740c7a8a8e71e23f2137069b167e1194766fc2ab7e63ec4f5550085085,11991476,False
0x612a3500559be7be7703de6dc397afb541a16f7f,1615285358,redeem,0x4ddc2d193948926d02f9b1fe9e1daa0718270ed5,cETH,0,230359,94000000000,0xe85bf396ff913eb4f7cf2e32559c99512ef9927b333e9ca93bad3c7f4c0b6e77,12003773,False
0x623af911f493747c216ad389c7805a37019c662d,1619257500,supply,0x39aa39c021dfbae8fac545936693ac917d5e7563,cUSDC,0,197084,55000001347,0x3f14f82ea3546f04e47aa56c16f99de500fa360b0260611002a0b2e9ab86d8ea,12302188,False
0x6d69ca3711e504658977367e13c300ab198379f1,1604408391,supply,0x39aa39c021dfbae8fac545936693ac917d5e7563,cUSDC,0,174552,26000000000,0x4d7bc5327f90bac17b337ad22e1b95a74a357126e313f615098328506a600baf,11184343,False
0x6e355417f7f56e7927d1cd971f0b5a1e6d538487,1605928865,supply,0x39aa39c021dfbae8fac545936693ac917d5e7563,cUSDC,0,205845,49000000000,0x882c50722a2838c7d2f268ef8ff76bb0ccc814db65b45625d9793dcec5054b35,11298971,False
0x6e355417f7f56e7927d1cd971f0b5a1e6d538487,1606239482,redeem,0x39aa39c021dfbae8fac545936693ac917d5e7563,cUSDC,0,195751,70000000000,0x0043063f9d3f4a6ac6ad313170fbf9ffa377b4478cd47f4500404cd0c12091cd,11322416,False
0x70c1864282599a762c674dd9d567b37e13bce755,1604958827,supply,0x39aa39c021dfbae8fac545936693ac917d5e7563,cUSDC,0,202784,20000000000,0xf92a26260d7c832c963b60d6675dfdb3387ab22d6a9bd225750e39bb9d93d975,11225846,False
0x70d8e4ab175dfe0eab4e9a7f33e0a2d19f44001e,1573345366,supply,0xf5dce57282a584d2746faf1593d3121fcac444dc,cSAI,0,130460,5500000000,0x4272c49aa54bf23c44079a21d9cf0573701e7c10d1bc5b8ca9ef904166e4d734,8905392,False
0x70d8e4ab175dfe0eab4e9a7f33e0a2d19f44001e,1573378610,supply,0x39aa39c021dfbae8fac545936693ac917d5e7563,cUSDC,0,145375,6000000000,0x277bf29905581216835e13d2c1e54fc7e0d9fad55ef3c1a6a014f84acf806fcb,8907723,False
0x70d8e4ab175dfe0eab4e9a7f33e0a2d19f44001e,1573452387,supply,0x6c8c6b02e7b2be14d4fa6022dfd6d75921d90e4e,cBAT,0,135741,7950000000,0xd9561685286b4d530c557a994910d928e213e443da426be5a7545e82b2e476c8,8912801,False
0x70d8e4ab175dfe0eab4e9a7f33e0a2d19f44001e,1573514617,supply,0xf5dce57282a584d2746faf1593d3121fcac444dc,cSAI,0,115460,5600000000,0x483646c2bc9203d14f6049f2de138ad294948c751ec81d9b166f82b8e8f24d42,8917138,False
0x70d8e4ab175dfe0eab4e9a7f33e0a2d19f44001e,1573809829,supply,0x39aa39c021dfbae8fac545936693ac917d5e7563,cUSDC,0,130375,7650000000,0x5b4cb310bf964380aa90b566fed860a2683d2a1183decf96bd2aab7f54a14859,8937650,False
0x70d8e4ab175dfe0eab4e9a7f33e0a2d19f44001e,1573810031,supply,0xf5dce57282a584d2746faf1593d3121fcac444dc,cSAI,0,115340,7650000000,0x922cae4718a7b8e8d75b3910ca03614854c41fe521ab9368d3a2cc3d4bc5feb0,8937661,False
0x70d8e4ab175dfe0eab4e9a7f33e0a2d19f44001e,1573958180,redeem,0x39aa39c021dfbae8fac545936693ac917d5e7563,cUSDC,0,119879,5000000000,0x191a6d3160887a1aefa739293898fd6557efb5eb75f720a5177c76cdfeb9ea7c,8948001,False
0x70d8e4ab175dfe0eab4e9a7f33e0a2d19f44001e,1573958789,supply,0x39aa39c021dfbae8fac545936693ac917d5e7563,cUSDC,0,130247,39000000000,0xc65466a2c125c137487efa15c3593a8240e2ef841070c80a3bedf9d0191c16ed,8948037,False
0x70d8e4ab175dfe0eab4e9a7f33e0a2d19f44001e,1574594458,supply,0x6c8c6b02e7b2be14d4fa6022dfd6d75921d90e4e,cBAT,0,120677,6000000000,0x13c3e9b37db9d656b13f776ab748543973009a8ec4d574077b463167ef57a837,8992125,False
0x70d8e4ab175dfe0eab4e9a7f33e0a2d19f44001e,1574833849,supply,0x6c8c6b02e7b2be14d4fa6022dfd6d75921d90e4e,cBAT,0,120741,7500000000,0xcfc4c7fcb0a968755ce555512724456fb1879e703fcef566a7bcce0658550053,9008248,False
0x70d8e4ab175dfe0eab4e9a7f33e0a2d19f44001e,1575173550,redeem,0x39aa39c021dfbae8fac545936693ac917d5e7563,cUSDC,0,119879,7400000000,0x975c27d628b597241ea18bd835a756d57ca5fbdbd4467354d984382b73befbf5,9030474,False
0x70d8e4ab175dfe0eab4e9a7f33e0a2d19f44001e,1575174116,supply,0xf5dce57282a584d2746faf1593d3121fcac444dc,cSAI,0,115460,7400000000,0xa57081e914e6d6597ed737fffa3a3b2c6b037bb462f43d71bab4325d704784be,9030510,False
0x70d8e4ab175dfe0eab4e9a7f33e0a2d19f44001e,1575185281,supply,0x39aa39c021dfbae8fac545936693ac917d5e7563,cUSDC,0,130311,7400000000,0x56f20769405cde7c99818affbc1edbdef2fda6752ca6c83f10223b8a7ca29f6d,9031242,False
0x70d8e4ab175dfe0eab4e9a7f33e0a2d19f44001e,1575189138,supply,0x6c8c6b02e7b2be14d4fa6022dfd6d75921d90e4e,cBAT,0,120677,6650000000,0x15798a5b6034ba15d720bde322655adedd8ffb10181f749469f662e6e19ee7bb,9031489,False
0x70d8e4ab175dfe0eab4e9a7f33e0a2d19f44001e,1575347814,redeem,0xf5dce57282a584d2746faf1593d3121fcac444dc,cSAI,0,111894,6800000000,0x774276c34e1c75153dcc7dac26494f2892015069b3ff506a5acca688b95c9fd0,9041823,False
0x70d8e4ab175dfe0eab4e9a7f33e0a2d19f44001e,1575350091,supply,0x5d3a536e4d6dbd6114cc1ead35777bab948e3643,cDAI,0,141282,7000000000,0xaa51ddd2a992cc171125a9e7c029a4c6170b61364a5afb8fc3adcbd4e5f28b56,9041945,False
0x70d8e4ab175dfe0eab4e9a7f33e0a2d19f44001e,1575438233,supply,0x39aa39c021dfbae8fac545936693ac917d5e7563,cUSDC,0,130375,8000000000,0x361bcaa3f1aad9c4ddd97854a773e8783435a976e680441ef7ff5498d6bde005,9047721,False
0x70d8e4ab175dfe0eab4e9a7f33e0a2d19f44001e,1575506736,redeem,0x5d3a536e4d6dbd6114cc1ead35777bab948e3643,cDAI,0,116786,6100000000,0x8c9fa03509bc7df861aae68c7c7d66c125d051528801035784c576a710ed310c,9052172,False
0x70d8e4ab175dfe0eab4e9a7f33e0a2d19f44001e,1575690395,borrow,0x4ddc2d193948926d02f9b1fe9e1daa0718270ed5,cETH,0,357957,7100000000,0x51cb1517b8b46ddf57ac2c412bd21921694f6cb98caf1265630bbef1e94907c9,9064142,False
0x70d8e4ab175dfe0eab4e9a7f33e0a2d19f44001e,1576158807,redeem,0x5d3a536e4d6dbd6114cc1ead35777bab948e3643,cDAI,0,483761,6000000000,0xbc22e83a64a58b50e271a10c58c86190efa2f797af108cc16159e02946744ccf,9094690,False
0x70d8e4ab175dfe0eab4e9a7f33e0a2d19f44001e,1576316109,redeem,0x6c8c6b02e7b2be14d4fa6022dfd6d75921d90e4e,cBAT,0,486531,7150000000,0xfb19d25289833db44bfc72801b564b620a44e18d4938f7a16f1ad9d3241f2285,9104673,False
0x70d8e4ab175dfe0eab4e9a7f33e0a2d19f44001e,1576585042,redeem,0x6c8c6b02e7b2be14d4fa6022dfd6d75921d90e4e,cBAT,0,468126,10600000000,0x24ce08c70c2a27c589e9d95ab918ce02d7d7b13a8c07ee8207d1c56e23d58706,9120538,False
0x70d8e4ab175dfe0eab4e9a7f33e0a2d19f44001e,1578666449,redeem,0x39aa39c021dfbae8fac545936693ac917d5e7563,cUSDC,0,500945,5500000000,0x7695d72d847dbe4ae5eda61068905e8ad242596dfe4c4a6ed3097221bf21f85d,9253582,False
0x70d8e4ab175dfe0eab4e9a7f33e0a2d19f44001e,1579242308,supply,0x5d3a536e4d6dbd6114cc1ead35777bab948e3643,cDAI,0,294150,5500000000,0x6e28fb4d20ab770c67011d5be62784623269afa8168a3c7db80f4b035f484ff8,9297080,False
0x70d8e4ab175dfe0eab4e9a7f33e0a2d19f44001e,1579405890,borrow,0x158079ee67fce2f58472a96584a73c7ab9ac95c1,cREP,0,586684,5200000000,0xe071541c189805969ac167475d56bb2b479705436b96c8471d0fec11d78aa060,9309446,False
0x70d8e4ab175dfe0eab4e9a7f33e0a2d19f44001e,1579476847,supply,0x5d3a536e4d6dbd6114cc1ead35777bab948e3643,cDAI,0,279035,4550000000,0x22bd9460ee76a31895330a4803c273ea0387890f6176b5f96475fea7e5a7373e,9314835,False
0x70d8e4ab175dfe0eab4e9a7f33e0a2d19f44001e,1580062605,supply,0xb3319f5d18bc0d84dd1b4825dcde5d5f7266d407,cZRX,0,153578,4500000000,0x6875ad4d728e8008f6951cc55afbeba3e021d62451f7d4e9ad068aeeac89ed10,9359081,False
0x70d8e4ab175dfe0eab4e9a7f33e0a2d19f44001e,1580147125,redeem,0x5d3a536e4d6dbd6114cc1ead35777bab948e3643,cDAI,0,630824,4500000000,0xe165991aa91fbbe7067d8330e7b340ce919c68657842e1a75713c7c91624b156,9365418,False
0x70d8e4ab175dfe0eab4e9a7f33e0a2d19f44001e,1580385241,supply,0xb3319f5d18bc0d84dd1b4825dcde5d5f7266d407,cZRX,0,138566,5200000000,0xae12015aff7e4f3d6575e0c353fe94393f8ee9a1566848464daf15de5e59e4b2,9383397,False
0x70d8e4ab175dfe0eab4e9a7f33e0a2d19f44001e,1580866275,supply,0x5d3a536e4d6dbd6114cc1ead35777bab948e3643,cDAI,0,239629,4500000000,0xc7277ce85a29e3afe9078588e247b4d809e4a4872cc9341227d3d020b47cbe3e,9419698,False
0x70d8e4ab175dfe0eab4e9a7f33e0a2d19f44001e,1581658323,borrow,0x6c8c6b02e7b2be14d4fa6022dfd6d75921d90e4e,cBAT,0,531628,5000000000,0x976c1809f2e6a79b95c685bfdf1af2695b42c76995eaa59210cdaf175e220b84,9479290,False
0x70d8e4ab175dfe0eab4e9a7f33e0a2d19f44001e,1581658666,borrow,0x6c8c6b02e7b2be14d4fa6022dfd6d75921d90e4e,cBAT,0,507154,5000000000,0xe70f37144491c947d58a9cccc03e87ef38e4f004bbb1bb642e4ca26b8eb2ae72,9479321,False
0x70d8e4ab175dfe0eab4e9a7f33e0a2d19f44001e,1583017257,borrow,0x6c8c6b02e7b2be14d4fa6022dfd6d75921d90e4e,cBAT,0,522154,5000000000,0x42278651a76069d8cde84c090e5675de38a3bfcf38f5993fbf0cea915135492f,9581530,False
0x70d8e4ab175dfe0eab4e9a7f33e0a2d19f44001e,1583660253,borrow,0x158079ee67fce2f58472a96584a73c7ab9ac95c1,cREP,0,565009,4850000000,0x21decaeb7a5db08d5fa333e1cbc3436e79dedb6198b6cb138edd4d645d0602f0,9630035,False
0x70d8e4ab175dfe0eab4e9a7f33e0a2d19f44001e,1583712558,redeem,0x5d3a536e4d6dbd6114cc1ead35777bab948e3643,cDAI,0,633150,13762743326,0x4e335648862410d3bbf940dbdc40a0acc348c09e177a52863d57cafe6460877d,9633961,False
0x70d8e4ab175dfe0eab4e9a7f33e0a2d19f44001e,1583847875,repay,0x158079ee67fce2f58472a96584a73c7ab9ac95c1,cREP,0,166360,7250000000,0x20945ac59c7bdc99daf69289d9d5b59b5000063f8c56277a473f0a38008e91a9,9644071,False
0x70d8e4ab175dfe0eab4e9a7f33e0a2d19f44001e,1584004765,redeem,0x5d3a536e4d6dbd6114cc1ead35777bab948e3643,cDAI,0,613644,36500000000,0x8d2f5c990b4e514227ef57978bc05fa75da4dc4b1f771a6f9ce0eb27b7d35fb4,9655888,False
0x70d8e4ab175dfe0eab4e9a7f33e0a2d19f44001e,1584270900,repay,0x6c8c6b02e7b2be14d4fa6022dfd6d75921d90e4e,cBAT,0,137806,6150000000,0x0875732c746c312c1d0ce04fb26957f97a541436ec5bb028b313e8928b049408,9675757,False
0x70d8e4ab175dfe0eab4e9a7f33e0a2d19f44001e,1584271276,redeem,0x5d3a536e4d6dbd6114cc1ead35777bab948e3643,cDAI,0,635923,7000000000,0x2bf675784fe0df900610c20cdc984b0d5ae81975aea7974cef8278f1b32e26dc,9675777,False
0x70d8e4ab175dfe0eab4e9a7f33e0a2d19f44001e,1584271685,repay,0x158079ee67fce2f58472a96584a73c7ab9ac95c1,cREP,0,181348,7000000000,0x6c9027b19aedd7482abbc59b2d5c693d0d43c37f6f3148840052c5ae874404f3,9675811,False
0x70d8e4ab175dfe0eab4e9a7f33e0a2d19f44001e,1584272057,redeem,0x5d3a536e4d6dbd6114cc1ead35777bab948e3643,cDAI,0,620454,5350000000,0x532dab43e09f83966e560c7494df3fc06bfbb56bc6c857f25767b49d083a3649,9675839,False
0x70d8e4ab175dfe0eab4e9a7f33e0a2d19f44001e,1584274934,redeem,0x5d3a536e4d6dbd6114cc1ead35777bab948e3643,cDAI,0,635614,5500000000,0xa383a027da677e4629b8978774298f3c307dc8366c929bed8d37b9f6eba1bff5,9676044,False
0x70d8e4ab175dfe0eab4e9a7f33e0a2d19f44001e,1584369573,repay,0x6c8c6b02e7b2be14d4fa6022dfd6d75921d90e4e,cBAT,0,137806,40500000000,0x1f324ca841b35d1a8748a856b28952b4288ef64806763ad98cef4a67b2e0543f,9683176,False
0x70d8e4ab175dfe0eab4e9a7f33e0a2d19f44001e,1584369629,repay,0x6c8c6b02e7b2be14d4fa6022dfd6d75921d90e4e,cBAT,0,123122,40500000000,0x651f164aad9406940d41b0fb5d02be557c64f89173381170a11529c3b6df7840,9683179,False
0x70d8e4ab175dfe0eab4e9a7f33e0a2d19f44001e,1584377138,redeem,0x5d3a536e4d6dbd6114cc1ead35777bab948e3643,cDAI,0,632576,11500000000,0x24b726332331d915419b6884114d75cda9ad4c7fdb7eaf179c776a535dd78208,9683749,False
0x70d8e4ab175dfe0eab4e9a7f33e0a2d19f44001e,1584841237,supply,0x6c8c6b02e7b2be14d4fa6022dfd6d75921d90e4e,cBAT,0,159233,4750000000,0x336dc8580076676ebeb24ec4195a3f5cdd219b1d17f45f36c36f6fcf0ef6e346,9718518,False
0x70d8e4ab175dfe0eab4e9a7f33e0a2d19f44001e,1585101948,supply,0x6c8c6b02e7b2be14d4fa6022dfd6d75921d90e4e,cBAT,0,144233,6500000000,0x93ecc6ee77ec9da427349aa57fe1637e49fc76dfe2b91451f86f2de4ed61297d,9737762,False
0x70d8e4ab175dfe0eab4e9a7f33e0a2d19f44001e,1585131005,repay,0x158079ee67fce2f58472a96584a73c7ab9ac95c1,cREP,0,181380,8000000000,0xd4962a7ae6a7e004a751531da9c73767a06b0cce79f90b1b6addc770bd5cabdb,9739883,False
0x70d8e4ab175dfe0eab4e9a7f33e0a2d19f44001e,1585131820,redeem,0x5d3a536e4d6dbd6114cc1ead35777bab948e3643,cDAI,0,598455,8050000000,0xd729ea97cfdb05c908a1f3a34cd10f12c0ed54df507f59e2d73c27b4228572ae,9739931,False
0x70d8e4ab175dfe0eab4e9a7f33e0a2d19f44001e,1585964972,supply,0x6c8c6b02e7b2be14d4fa6022dfd6d75921d90e4e,cBAT,0,129257,4600000000,0x9b3d0bd0e3577e226444951f1d2886e7c6cf438d797e484406ec4c5574efbb9c,9802661,False
0x70d8e4ab175dfe0eab4e9a7f33e0a2d19f44001e,1586408838,redeem,0x6c8c6b02e7b2be14d4fa6022dfd6d75921d90e4e,cBAT,0,412764,6500000000,0xb134a04b8cf0de1db0d17b8281b0c7d413c612710a5cfb8c940f83b91590313f,9836060,False
0x70d8e4ab175dfe0eab4e9a7f33e0a2d19f44001e,1588996167,borrow,0xf650c3d88d12db855b8bf7d11be6c55a4e07dcc9,cUSDT,0,533686,10750000000,0x7d5a0eb676cee02f84787dd9e9f3f83b8402b542c3b2c2c0e9738e5e1d856878,10029727,False
0x70d8e4ab175dfe0eab4e9a7f33e0a2d19f44001e,1589027189,borrow,0xf650c3d88d12db855b8bf7d11be6c55a4e07dcc9,cUSDT,0,440506,14500000000,0x0994c0aa5d5efa88be7439f7352b372ab4486d3c473f860cc4ded5cb341f15a5,10032059,False
0x70d8e4ab175dfe0eab4e9a7f33e0a2d19f44001e,1589028077,borrow,0xf650c3d88d12db855b8bf7d11be6c55a4e07dcc9,cUSDT,0,440494,10225000148,0xb812331fb28ba20df927d75d3a07b8c29bf4458bf46ff7a04218200ca51fa616,10032123,False
0x70d8e4ab175dfe0eab4e9a7f33e0a2d19f44001e,1589229256,supply,0x6c8c6b02e7b2be14d4fa6022dfd6d75921d90e4e,cBAT,0,129257,15200000000,0x58a3594393046289f8fb3ad852cee1c5d9667edeec0c3fe9223d20e967dbc1bc,10047094,False
0x70d8e4ab175dfe0eab4e9a7f33e0a2d19f44001e,1589284918,repay,0x158079ee67fce2f58472a96584a73c7ab9ac95c1,cREP,0,166404,23000000000,0x1441f8034ed0b62479e16134e57b46ae08571fb49b6fa3986fb507dbf8e677cc,10051273,False
0x70d8e4ab175dfe0eab4e9a7f33e0a2d19f44001e,1590273271,supply,0x6c8c6b02e7b2be14d4fa6022dfd6d75921d90e4e,cBAT,0,129233,9000001235,0x5582bb1a2a9695e38058a2e7771a4da61ea00b0c4065bfe4ece2d564c54508f0,10124863,False
0x70d8e4ab175dfe0eab4e9a7f33e0a2d19f44001e,1590554306,repay,0x158079ee67fce2f58472a96584a73c7ab9ac95c1,cREP,0,166708,33500000000,0x5c11177de06b63a88810f18b340ce9e7e9af6ab9cd90050ff67b2361d3e65c25,10145696,False
0x70d8e4ab175dfe0eab4e9a7f33e0a2d19f44001e,1590559387,repay,0xf650c3d88d12db855b8bf7d11be6c55a4e07dcc9,cUSDT,0,113094,32000000000,0xc9fca90345c816482292861cfa073931fbb8c452d0c578466fc96cc0109783b7,10146096,False
0x70d8e4ab175dfe0eab4e9a7f33e0a2d19f44001e,1590559573,redeem,0x4ddc2d193948926d02f9b1fe9e1daa0718270ed5,cETH,0,323137,32000000000,0x6507e6f8d1a5e2c26d7dae262cccb98f665d9373988b469bb030aafff5e73e30,10146111,False
0x70d8e4ab175dfe0eab4e9a7f33e0a2d19f44001e,1590567338,repay,0xf650c3d88d12db855b8bf7d11be6c55a4e07dcc9,cUSDT,0,128094,36000000000,0x43eec1c3e264bcde2a54f3fbc75c533d3acb43f0f5c078b0b9ea8c23c166ecb9,10146665,False
0x70d8e4ab175dfe0eab4e9a7f33e0a2d19f44001e,1590719157,redeem,0xb3319f5d18bc0d84dd1b4825dcde5d5f7266d407,cZRX,0,383718,35000000000,0x5ceb82a9dd1db521ed1f2e31ddf91f9be2043003b05f2e23d416bae8c988ac41,10157970,False
0x70d8e4ab175dfe0eab4e9a7f33e0a2d19f44001e,1590833689,redeem,0x5d3a536e4d6dbd6114cc1ead35777bab948e3643,cDAI,0,492904,28000003705,0x3a92f60ebc6d5e64b412b50a6f3b2c8c84f0e515441183e4b24b53bd8f643681,10166520,False
0x70d8e4ab175dfe0eab4e9a7f33e0a2d19f44001e,1590837439,redeem,0x39aa39c021dfbae8fac545936693ac917d5e7563,cUSDC,0,397387,34000001235,0x12334f3cdb54f64f501437217fb7d91e2acb9b108590e08d1b042e42e4cd2348,10166815,False
0x70d8e4ab175dfe0eab4e9a7f33e0a2d19f44001e,1590837711,redeem,0x6c8c6b02e7b2be14d4fa6022dfd6d75921d90e4e,cBAT,0,413776,32500000000,0x17d67adc9145c46d07ee2295295bccac3cf5996d47546a8ec3044b81dd7750c6,10166840,False
0x7399dbeebe2f88bc6ac4e3fd7ddb836a4bce322f,1605997031,supply,0x39aa39c021dfbae8fac545936693ac917d5e7563,cUSDC,0,177613,36000000000,0xab35f3cfcb0b7a521d0167d0ae3c0bab12e192d0ee3a7747a579c440a1d4903a,11304189,False
0x767055590c73b7d2aaa6219da13807c493f91a20,1604813738,supply,0x39aa39c021dfbae8fac545936693ac917d5e7563,cUSDC,0,205845,17000000000,0x51803bacbfbf0a2d3b3b4d620fdba80142e172f5c87655be291f0ab7fe80f4da,11214925,False
0x7b4636320daa0bc055368a4f9b9d01bd8ac51877,1605155996,supply,0x39aa39c021dfbae8fac545936693ac917d5e7563,cUSDC,0,202784,50000000000,0x297cb7964dd4f990f73e053798b5d773f2736bc96127ffbfa8e871eb31dfd4d1,11240694,False
0x7b57dbe2f2e4912a29754ff3e412ed9507fd8957,1604772756,redeem,0x4ddc2d193948926d02f9b1fe9e1daa0718270ed5,cETH,0,161636,27000000000,0x5a6ebb79449700093949b3ecce693f63bdb23155e425948e2402c4c4cbd7937c,11211855,False
0x7b57dbe2f2e4912a29754ff3e412ed9507fd8957,1604772790,redeem,0x4ddc2d193948926d02f9b1fe9e1daa0718270ed5,cETH,0,131624,27000000000,0x5e28ebeb2b115ec55bf39b9aaae18e5813606f8d57faa0e348704b27f8a3bd25,11211859,False
0x7de76a449cf60ea3e111ff18b28e516d89532152,1604553527,supply,0x39aa39c021dfbae8fac545936693ac917d5e7563,cUSDC,0,174552,22100000000,0xffc60d93cbf54b0e4c3e49cca9267830b5dbfc31bf77c828e83bf50bdde835b3,11195258,False
0x7e3eab408b9c76a13305ef34606f17c16f7b33cc,1580412256,supply,0x5d3a536e4d6dbd6114cc1ead35777bab948e3643,cDAI,0,239641,3400000000,0x2198b481324790a1f82ca66bf1f013cd7915bd83008b783fe261eeec2b31285b,9385422,False
0x7e3eab408b9c76a13305ef34606f17c16f7b33cc,1580414023,supply,0x5d3a536e4d6dbd6114cc1ead35777bab948e3643,cDAI,0,263770,3500000000,0x10ca68b7c3fe266904d262c2ab20facb4f5bacb6c3c59b90aba08bf6dec07ffe,9385559,False
0x7e3eab408b9c76a13305ef34606f17c16f7b33cc,1588898185,redeem,0x5d3a536e4d6dbd6114cc1ead35777bab948e3643,cDAI,0,242125,14150000000,0xecad0c9227ee3165f113fc8bd3ad5d037a7ef6d8bcb5e6d202c55a251ae90a6d,10022380,False
0x7f5e6a28afc9fb0aaf4259d4ff69991b88ebea47,1607802473,supply,0x39aa39c021dfbae8fac545936693ac917d5e7563,cUSDC,0,174525,16500000000,0xd0b585b3b57845d2984234e7010aab6692995674cb232e64decd745b1d8ce24d,11440123,False
0x83ea74c67d393c6894c34c464657bda2183a2f1a,1604603235,supply,0x39aa39c021dfbae8fac545936693ac917d5e7563,cUSDC,0,174552,17100000000,0x1b74fd0f2295290791ebed0c6bf320370efaf2a2e2b2d5a8729e5d908db70593,11199015,False
0x854a873b8f9bfac36a5eb9c648e285a095a7478d,1605781667,supply,0x39aa39c021dfbae8fac545936693ac917d5e7563,cUSDC,0,177613,34000000000,0x8cde1793ea422a714d01a64a39be76c16d74a78e1cba1d70b93632fa5ab2e078,11287866,False
0x8587d9f794f06d976c2ec1cfd523983b856f5ca9,1605401838,supply,0x39aa39c021dfbae8fac545936693ac917d5e7563,cUSDC,0,202784,12100000000,0x5e35aadefedce8d3a23de62660e21cc6112906e76dc32335f58f7b561be7ef31,11259280,False
0x880a0af12da55df1197f41697c1a1b61670ed410,1604511978,supply,0x39aa39c021dfbae8fac545936693ac917d5e7563,cUSDC,0,174552,55000000000,0xbde15bc19db81c3b5e3e4e9ffc946ec9f578fd5aef45e82dde6dd3ae80b2403c,11192130,False
0x880a0af12da55df1197f41697c1a1b61670ed410,1604512012,redeem,0x4ddc2d193948926d02f9b1fe9e1daa0718270ed5,cETH,0,146636,58000000000,0xacb44b81513efef8d176d156abdcac570f42cf8868ab4e9fabc5275fe938954a,11192134,False
0x880a0af12da55df1197f41697c1a1b61670ed410,1604512435,redeem,0x39aa39c021dfbae8fac545936693ac917d5e7563,cUSDC,0,149458,55000000000,0x19fb80521fa45d4b4608b1661d58261597c0022b4b5e5110618433c0e2c4dc59,11192167,False
0x8aaece100580b749a20f8ce30338c4e0770b65ed,1602781920,supply,0x39aa39c021dfbae8fac545936693ac917d5e7563,cUSDC,0,174552,53000000000,0x6940a7e4d86029a9ed4c1fa4426e2d34a63a187d08a1a09af068afca8d5cdbc3,11061670,False
0x8be38ea2b22b706aef313c2de81f7d179024dd30,1618162651,supply,0x39aa39c021dfbae8fac545936693ac917d5e7563,cUSDC,0,188784,65000000000,0x801aadb7b05c84dfd63c5154878edbf25006bdad9f1940e1ac36168bdd704952,12220074,False
0x8be38ea2b22b706aef313c2de81f7d179024dd30,1618586068,redeem,0x4ddc2d193948926d02f9b1fe9e1daa0718270ed5,cETH,0,31001,232000000000,0x217c648b5f70c37f150e1db765112e662f06e2437b0bfe80b1502c9aaaa7f5ee,12251829,True
0x8be38ea2b22b706aef313c2de81f7d179024dd30,1618593752,redeem,0x4ddc2d193948926d02f9b1fe9e1daa0718270ed5,cETH,0,38655,180000000000,0xdc972d7ef3365d4b72a6f9688f22e664f2e86b04d1e10aaefb71323ee8835895,12252442,True
0x8be38ea2b22b706aef313c2de81f7d179024dd30,1618593905,redeem,0x39aa39c021dfbae8fac545936693ac917d5e7563,cUSDC,0,31001,161000000000,0xe8a7d557623bad58aea20bc5f2f8d1a4f2d54a9ebb58dabdfddac90e2b2fab4f,12252458,True
0x8be38ea2b22b706aef313c2de81f7d179024dd30,1618593905,redeem,0x4ddc2d193948926d02f9b1fe9e1daa0718270ed5,cETH,0,30202,154000000000,0x59040ea8f7c48aaab8c3e0ab020ac1ab7ce522fe5ff6888f6c231375b37ac4e0,12252458,True
0x8be38ea2b22b706aef313c2de81f7d179024dd30,1618613297,redeem,0x4ddc2d193948926d02f9b1fe9e1daa0718270ed5,cETH,0,30202,122000000000,0x9eb0bff4843155de6e794ab05913d6acc1da7ba76885411c9e50aeb4731f2ec0,12253935,True
0x8be38ea2b22b706aef313c2de81f7d179024dd30,1618616573,redeem,0x4ddc2d193948926d02f9b1fe9e1daa0718270ed5,cETH,0,33202,109000000000,0xe8144bcbf615e926fe1d72929ac1397112bd7478f298f083a6afd548c450ae2e,12254175,True
0x8be38ea2b22b706aef313c2de81f7d179024dd30,1618616574,redeem,0x4ddc2d193948926d02f9b1fe9e1daa0718270ed5,cETH,0,33202,130000000000,0x9dab842387b8a20248da2ee10b71d21037280232d5f5a2d747a0d397934e8ebf,12254176,True
0x8be38ea2b22b706aef313c2de81f7d179024dd30,1618616574,redeem,0x4ddc2d193948926d02f9b1fe9e1daa0718270ed5,cETH,0,32000,200000000000,0x87de5564e164e115d943fcaee62b76a8f7cefbda0e1670de3e7ae547d91d73e9,12254176,True
0x8be38ea2b22b706aef313c2de81f7d179024dd30,1618616574,redeem,0x39aa39c021dfbae8fac545936693ac917d5e7563,cUSDC,0,38175,185000000000,0x3d2daf1a02abbb1a7de379b04780f72adf5afe411de02c1e2a6d673f55a48255,12254176,True
0x8be38ea2b22b706aef313c2de81f7d179024dd30,1619861092,redeem,0x4ddc2d193948926d02f9b1fe9e1daa0718270ed5,cETH,0,33202,41800000000,0xf2de31be9737ae550b686e32b7c782455042f7a56fba8b68edaa955019091137,12347437,True
0x8be38ea2b22b706aef313c2de81f7d179024dd30,1620120705,redeem,0x4ddc2d193948926d02f9b1fe9e1daa0718270ed5,cETH,0,33202,45100000000,0x90c9c8f1d5491112110785a02bd77ae541fb431fdc9f1e71da462e4a23589865,12366964,True
0x8be38ea2b22b706aef313c2de81f7d179024dd30,1620295631,redeem,0x4ddc2d193948926d02f9b1fe9e1daa0718270ed5,cETH,0,33202,50000000000,0x6f24f17201309eb6b03601e6abb88a212bca97f202b83500fc11b9a9010b545b,12380106,True
0x8be38ea2b22b706aef313c2de81f7d179024dd30,1620296513,redeem,0x4ddc2d193948926d02f9b1fe9e1daa0718270ed5,cETH,0,254048,39000000000,0x6edb47bfd16a77f6a9bd7fabbc62f77d94e59b453cfbdaf9457a15b989e8b1c7,12380171,False
0x8be38ea2b22b706aef313c2de81f7d179024dd30,1622565215,redeem,0x39aa39c021dfbae8fac545936693ac917d5e7563,cUSDC,0,267659,30000000000,0x027e4e7cad5eb20ead902a9c925b419333538bf30aa6dcae9cd91d93e3bbcd19,12549653,False
0x8d900f213db5205c529aaba5d10e71a0ed2646db,1610269882,supply,0xf650c3d88d12db855b8bf7d11be6c55a4e07dcc9,cUSDT,0,180650,76800000000,0x5fffce344af6d034a39cb927f55a6840d1284795d663417f621afddb8bf99487,11626175,False
0x8d900f213db5205c529aaba5d10e71a0ed2646db,1610588522,redeem,0xf650c3d88d12db855b8bf7d11be6c55a4e07dcc9,cUSDT,0,204993,43200000000,0x940ceb5729de31d3673d5744ca41d808008b070f01d812f1c1d2831effc20638,11650361,False
0x91919344c1dad09772d19ad8ad4f1bcd29c51f27,1605299102,supply,0x39aa39c021dfbae8fac545936693ac917d5e7563,cUSDC,0,174552,20100000000,0x35fa199c9cb7081def7cef4dbe28e92430e39c17d66ffd2f1810ec61a1950e76,11251492,False
0x93f0891bf71d8abed78e0de0885bd26355bb8b1d,1603220565,supply,0x39aa39c021dfbae8fac545936693ac917d5e7563,cUSDC,0,202784,40000000000,0x71c58ca94692cba888dae68c648040ab91b4f9dc3742fa0bafd6ae8d78538fd4,11094788,False
0x96479b087cb8f236a5e2dcbfc50ce63b2f421da6,1608538779,supply,0x5d3a536e4d6dbd6114cc1ead35777bab948e3643,cDAI,0,315114,37400000000,0xd83cf577498d06fb16e9b749b39f0e54752ffa73e217ad97b63c53226e8cb886,11495584,False
0x96479b087cb8f236a5e2dcbfc50ce63b2f421da6,1608539072,supply,0x39aa39c021dfbae8fac545936693ac917d5e7563,cUSDC,0,205830,38000001459,0xb1681457dae999ebc5b720e863a65ee1b5905a0a53847416892ab72b64ccaca2,11495604,False
0x9a363adc5d382c04d36b09158286328f75672098,1565490836,supply,0xf5dce57282a584d2746faf1593d3121fcac444dc,cSAI,0,115101,15550000000,0xd5ea02c7607b423d36ea8d407a0c52a4194e9b37209b462e5192642bca2ca638,8326627,False
0x9ba0d85f71e145ccf15225e59631e5a883d5d74a,1751595911,borrow,0x4ddc2d193948926d02f9b1fe9e1daa0718270ed5,cETH,0,242753,833540439,0xde0e149e8e6db3122712077bf4b9f0056d143c8c7995cc600394999259a17679,22842852,False
0xa7f3c74f0255796fd5d3ddcf88db769f7a6bf46a,1558901334,supply,0xf5dce57282a584d2746faf1593d3121fcac444dc,cSAI,0,115293,2000000000,0xb95c6ecb58818798f18536130d66df21f0a9a6586742e3037624581b3740c0c6,7837310,False
0xa7f3c74f0255796fd5d3ddcf88db769f7a6bf46a,1559321357,supply,0xf5dce57282a584d2746faf1593d3121fcac444dc,cSAI,0,100165,3300000000,0xa2fdfc4fd62b8ccf3e0bf393589523d3a1132e2226ec0ba5ef2b5659528dadb4,7868459,False
0xa7f3c74f0255796fd5d3ddcf88db769f7a6bf46a,1560610307,supply,0xf5dce57282a584d2746faf1593d3121fcac444dc,cSAI,0,115165,4100000000,0x12f4765c15cb434d457ebd4508149b9acde00ba49ac971e8bb32387c2d335da6,7963781,False
0xa7f3c74f0255796fd5d3ddcf88db769f7a6bf46a,1564453356,supply,0xf5dce57282a584d2746faf1593d3121fcac444dc,cSAI,0,100293,1300000000,0xe2c0ce0e015c13fa4a626d9696fc949aea3157e467744345d8d8392471cbdfd4,8249243,False
0xa7f3c74f0255796fd5d3ddcf88db769f7a6bf46a,1574377869,redeem,0xf5dce57282a584d2746faf1593d3121fcac444dc,cSAI,0,96958,1100000000,0x6d3331e3285c9f853fce2fc2bf16806f308a8e17249d6081dea87be02deb28cd,8977109,False
0xa7f3c74f0255796fd5d3ddcf88db769f7a6bf46a,1584475581,supply,0x5d3a536e4d6dbd6114cc1ead35777bab948e3643,cDAI,0,264760,1300000000,0x4a38da7415859337d5cefe03b1d24e5d1c6332d35a95315d82f958de7314a0ce,9691132,False
0xa7f3c74f0255796fd5d3ddcf88db769f7a6bf46a,1589117232,redeem,0x5d3a536e4d6dbd6114cc1ead35777bab948e3643,cDAI,0,227641,16400000000,0x7e486c6aa7eeda337183c3019029894c2db567257f710fc27d5bc901bd06e61b,10038714,False
0xa7f3c74f0255796fd5d3ddcf88db769f7a6bf46a,1610933193,supply,0x5d3a536e4d6dbd6114cc1ead35777bab948e3643,cDAI,0,183574,45000000000,0x27a6a90d3070fbf72904ae5544b47c56513478f8330362ab29b97fc2dbfe6275,11676253,False
0xa7f3c74f0255796fd5d3ddcf88db769f7a6bf46a,1611250991,redeem,0x5d3a536e4d6dbd6114cc1ead35777bab948e3643,cDAI,0,219012,127000000000,0x211a13870665eaaf35b7045d8b421126d8d92c6bf5b6fc0035af21df59a5cd6b,11700222,True
0xa7f3c74f0255796fd5d3ddcf88db769f7a6bf46a,1611251141,redeem,0x5d3a536e4d6dbd6114cc1ead35777bab948e3643,cDAI,0,215582,126000000000,0xcdc0d7e8cdc3312a0f0ae1153eca7c4f8b8a56977c8bdf8c2f26ff601d186bf7,11700232,False
0xa7f3c74f0255796fd5d3ddcf88db769f7a6bf46a,1612628477,supply,0x5d3a536e4d6dbd6114cc1ead35777bab948e3643,cDAI,0,157812,194000000000,0xb00a8894011e91666503035858779ab9ad7266c8069a42116e69ac3d3af84ac1,11803821,False
0xa7f3c74f0255796fd5d3ddcf88db769f7a6bf46a,1614386732,redeem,0x5d3a536e4d6dbd6114cc1ead35777bab948e3643,cDAI,0,200156,110000000000,0x75c77058ee1351186c660e1572c05bdb56d641eb22434a509c77f7b7bcf699d5,11936208,False
0xa98dc64bb42575efec7d1e4560c029231ce5da51,1604251408,supply,0x39aa39c021dfbae8fac545936693ac917d5e7563,cUSDC,0,205845,28000000000,0x865dd1b2dda5b5ce37ca7c5d70e609e8c7bf374ede0b0a19dfdad0f95de3cd43,11172515,False
0xb271ff7090b39028eb6e711c3f89a3453d5861ee,1602988929,supply,0x39aa39c021dfbae8fac545936693ac917d5e7563,cUSDC,0,217784,18100000000,0x25d8d30a56ed84dff9c88953408fa7fd28ae8daf06db33b74b657c0616ff5965,11077274,False
0xb271ff7090b39028eb6e711c3f89a3453d5861ee,1602989031,supply,0x39aa39c021dfbae8fac545936693ac917d5e7563,cUSDC,0,175102,18900000000,0x1ac718761e0de5fcc932df431022d8e7d59b6382e54437a7afbbff9897c2757c,11077282,False
0xb475576594ae44e1f75f534f993cbb7673e4c8b6,1604869843,supply,0x39aa39c021dfbae8fac545936693ac917d5e7563,cUSDC,0,194533,15000000000,0x1d8f6a7690188f33c0b6b39e40961a91c9237e218384e3e5f52eaaeb932cc969,11219145,False
0xb57297c5d02def954794e593db93d0a302e43e5c,1605606015,supply,0x39aa39c021dfbae8fac545936693ac917d5e7563,cUSDC,0,202784,47000000000,0x9298157605e9fccd7fcfd2a281576b192c4477cdde3a87c40f30abed0fec6037,11274661,False
0xbd4a00764217c13a246f86db58d74541a0c3972a,1594940365,supply,0x39aa39c021dfbae8fac545936693ac917d5e7563,cUSDC,0,205964,34000000000,0xfe1b6ea8c82e1480b03238ee88767a92d18d3369e76cadef1f2055e05d321f82,10473350,False
0xbd4a00764217c13a246f86db58d74541a0c3972a,1595456303,redeem,0x39aa39c021dfbae8fac545936693ac917d5e7563,cUSDC,0,215373,44500000000,0x727e389d2fe9dd8f324b816ddb7e2c9d7a4be1d47bbfbf9702405282fa484ec7,10511843,False
0xbd4a00764217c13a246f86db58d74541a0c3972a,1611294886,supply,0x6c8c6b02e7b2be14d4fa6022dfd6d75921d90e4e,cBAT,0,187610,110000000000,0x4ae32978469b5639bfd04f41424d947797d59df6da0153e32eb7087a9ea16cbf,11703548,False
0xbd4a00764217c13a246f86db58d74541a0c3972a,1617494939,supply,0x39aa39c021dfbae8fac545936693ac917d5e7563,cUSDC,0,190693,152000001459,0x5139cc4c6f75c4ded8d3e79833c2ad68cf28b900ba5062db7c515466dcd02ac7,12169771,False
0xbd4a00764217c13a246f86db58d74541a0c3972a,1617500862,supply,0x39aa39c021dfbae8fac545936693ac917d5e7563,cUSDC,0,194954,109000000000,0xb47109e837831219e4dc0a8ebbb72f46d8f67b6dc95599024eb0c1915b645ef7,12170230,False
0xbd4a00764217c13a246f86db58d74541a0c3972a,1623698146,redeem,0x39aa39c021dfbae8fac545936693ac917d5e7563,cUSDC,0,150976,27000000000,0xc4c24a1be8402d6f5e7ac8dc4bd32a84b3fd0abcaadcc1d33b2c96e625b796b7,12634407,False
0xc179d55f7e00e789915760f7d260a1bf6285278b,1607872214,supply,0x39aa39c021dfbae8fac545936693ac917d5e7563,cUSDC,0,174525,43000000000,0x8a75c3cef739ed54d0105338c114ec3123956d3c3d5a2dc2a93cabae6a8fa6ea,11445411,False
0xc179d55f7e00e789915760f7d260a1bf6285278b,1607878107,supply,0x39aa39c021dfbae8fac545936693ac917d5e7563,cUSDC,0,163763,58000000000,0x5821d86a8a564c9cf9c1c2fec633045c40918e13461f07e1f650eae1c40812be,11445831,False
0xc22b8e78394ce52e0034609a67ae3c959daa84bc,1610578891,supply,0x5d3a536e4d6dbd6114cc1ead35777bab948e3643,cDAI,0,175819,71250000000,0x39a64402b4642a2cc679a06f031d846d9077c86cc02115e1fbe492c7d77e4ebe,11649611,False
0xc22b8e78394ce52e0034609a67ae3c959daa84bc,1610818672,supply,0x5d3a536e4d6dbd6114cc1ead35777bab948e3643,cDAI,0,165045,181250000000,0x76befdeab09ed113ebdeccc08fcf610132327c679487d147cae0680c407aab36,11667621,False
0xc22b8e78394ce52e0034609a67ae3c959daa84bc,1611013253,redeem,0x5d3a536e4d6dbd6114cc1ead35777bab948e3643,cDAI,0,168571,68750000000,0x6af423751d539c777bc441bd51adb4ae1a0ec2760022aed9225f38fbef1f6939,11682268,False
0xcbbd9fe837a14258286bbf2e182cbc4e4518c5a3,1597929905,supply,0x39aa39c021dfbae8fac545936693ac917d5e7563,cUSDC,0,205952,108000000000,0x4c3ec6d38c70f404dedbed124ae8005d8f68650a5fa49e36eb8912f4b02c4cab,10697319,False
0xcbbd9fe837a14258286bbf2e182cbc4e4518c5a3,1597943393,redeem,0x39aa39c021dfbae8fac545936693ac917d5e7563,cUSDC,0,195586,138000000000,0xed02bbfddd5411697c729db8b622cc961b20a06dddeae3f43a2fbf29702a2e57,10698330,False
0xcbbd9fe837a14258286bbf2e182cbc4e4518c5a3,1603242259,borrow,0x5d3a536e4d6dbd6114cc1ead35777bab948e3643,cDAI,0,432417,39000000000,0x01333dafb100147e4e8121f6f86194c21f53a5bbe8397dcde6953d9293715807,11096418,False
0xcbbd9fe837a14258286bbf2e182cbc4e4518c5a3,1603243417,repay,0x5d3a536e4d6dbd6114cc1ead35777bab948e3643,cDAI,0,283869,43000001459,0xee87de9afddce6fea982c7969b26f29cfaa196151fcc20da3c0ffe281b1d3d25,11096496,False
0xcbbd9fe837a14258286bbf2e182cbc4e4518c5a3,1603651390,repay,0x5d3a536e4d6dbd6114cc1ead35777bab948e3643,cDAI,0,283497,17710000000,0x83bf5d2058e7a4acd9772f1454c51df84ea6fe508b7d009af14977f2dbe61457,11127245,False
0xcbbd9fe837a14258286bbf2e182cbc4e4518c5a3,1603653440,supply,0x5d3a536e4d6dbd6114cc1ead35777bab948e3643,cDAI,0,278007,16000001459,0xba68deb020bbbe5c112c6f5c2276bee23561add80fab1d405f0bd9f39e1d9c2f,11127386,False
0xcbbd9fe837a14258286bbf2e182cbc4e4518c5a3,1603887012,borrow,0x5d3a536e4d6dbd6114cc1ead35777bab948e3643,cDAI,0,362312,74000000000,0x62b7c27cf019c303b9411041d8d93d8c7cd337fa0224d2471cc31df0c32d2003,11145029,False
0xcbbd9fe837a14258286bbf2e182cbc4e4518c5a3,1606914854,repay,0x5d3a536e4d6dbd6114cc1ead35777bab948e3643,cDAI,0,308076,23800000000,0xa775d22108d498bc80c935cd953a609983e15279995ebe7e1e213f9c6f418d49,11373302,False
0xcbbd9fe837a14258286bbf2e182cbc4e4518c5a3,1607815135,redeem,0x5d3a536e4d6dbd6114cc1ead35777bab948e3643,cDAI,0,359395,21400000000,0x7e504de2b5acf187e47c40a39ae5d3718737f233166dcb9a6df1bb5b573580ad,11441043,False
0xcbbd9fe837a14258286bbf2e182cbc4e4518c5a3,1608128402,borrow,0x5d3a536e4d6dbd6114cc1ead35777bab948e3643,cDAI,0,382127,169000000000,0xdee0be213569c004c1fba4e1d733fd2543309abfd69d5a7f3343c18036ea397e,11464633,False
0xcbbd9fe837a14258286bbf2e182cbc4e4518c5a3,1612710285,redeem,0x4ddc2d193948926d02f9b1fe9e1daa0718270ed5,cETH,0,200847,110000000233,0x9c4f7459aded7ba8dd6cadb37bae20402bec60b71a7a497bddbfc94d6406c087,11810001,False
0xcbbd9fe837a14258286bbf2e182cbc4e4518c5a3,1617061506,repay,0x5d3a536e4d6dbd6114cc1ead35777bab948e3643,cDAI,0,159567,117000000000,0x7252285488ea813162eb990c1544c584fd839c38226aa8950dba3e9f4fc4dd1f,12137207,False
0xcbbd9fe837a14258286bbf2e182cbc4e4518c5a3,1617061653,redeem,0x4ddc2d193948926d02f9b1fe9e1daa0718270ed5,cETH,0,182429,118800000000,0xe7e4746468bf46616fe05cfd385dddafb559d75389b9e4596244daed92c86a54,12137217,False
0xcecf5163bb057c1aff4963d9b9a7d2f0bf591710,1606023251,supply,0x39aa39c021dfbae8fac545936693ac917d5e7563,cUSDC,0,205845,43000000000,0xb194c55d036e69ff1d6c1cc888afc9bb51a8d3202b76853d4f639823e4be53a7,11306162,False
0xcf0033bf27804640e5339e06443e208db5870dd2,1604914234,supply,0x39aa39c021dfbae8fac545936693ac917d5e7563,cUSDC,0,202784,30000000000,0x561c5cffbd8b2c0bb69a90677e698bab7c7b60166a654e786ca5b5760c9eb5ec,11222488,False
0xd0df53e296c1e3115fccc3d7cdf4ba495e593b56,1605648077,supply,0x39aa39c021dfbae8fac545936693ac917d5e7563,cUSDC,0,174552,46000000000,0x53af5fb9bf23a05d7ccb6afa1726c11c2fd10e7a783422fc4835f36383700bf4,11277850,False
0xd1a3888fd8f490367c6104e10b4154427c02dd9c,1604213895,supply,0x39aa39c021dfbae8fac545936693ac917d5e7563,cUSDC,0,174552,16100000000,0x89cef373376a9b11d1fc7a10ee2fc949f2514a4d26436de863eaa50e435ccbd0,11169661,False
0xd334d18fa6bada9a10f361bae42a019ce88a3c33,1605769179,supply,0x39aa39c021dfbae8fac545936693ac917d5e7563,cUSDC,0,184749,20000000000,0x32f084b72ae8bc9ade8484bdad0c08743f176feaa63146708f01ad1b791ac69b,11286935,False
0xdde73df7bd4d704a89ad8421402701b3a460c6e9,1637043548,redeem,0x4ddc2d193948926d02f9b1fe9e1daa0718270ed5,cETH,0,147714,141434172833,0xbce692aa769ace682d7f2e4f8e88a50bb8d18c58888c123a3aad1f1d0f9a45e8,13624969,False
0xde92d70253604fd8c5998c8ee3ed282a41b33b7f,1605905489,supply,0x39aa39c021dfbae8fac545936693ac917d5e7563,cUSDC,0,177613,30000000000,0x250f306707d8adf86be1bc2d96d8649211bca86e5abd0b857d90fd6a20bdd24d,11297222,False
0xded1f838ae6aa5fcd0f13481b37ee88e5bdccb3d,1607928429,supply,0x39aa39c021dfbae8fac545936693ac917d5e7563,cUSDC,0,202745,28000000000,0x1168593b828befaab22c58b01e013ff3e25d0cffad9e185699d2bd029dd145ca,11449567,False
0xded1f838ae6aa5fcd0f13481b37ee88e5bdccb3d,1607928494,supply,0x39aa39c021dfbae8fac545936693ac917d5e7563,cUSDC,0,185887,28000000000,0x733522d61a8782ef6c3c6be3597f9ce13999c9b2ed5bb2becce5352dd6313724,11449578,False
0xebb8629e8a3ec86cf90cb7600264415640834483,1637609551,supply,0x39aa39c021dfbae8fac545936693ac917d5e7563,cUSDC,0,200032,139948770736,0xd0e759910f581b3f036497437d97a22a84c1927f4688afac2c4d278ca845506d,13666355,False
0xf10fd8921019615a856c1e95c7cd3632de34edc4,1593953660,supply,0xb3319f5d18bc0d84dd1b4825dcde5d5f7266d407,cZRX,0,182171,31500000000,0x086275af4e7daacb98d90d4cd85c67fb9ebe4da4610dc0f34d48173b273f3703,10399495,False
0xf10fd8921019615a856c1e95c7cd3632de34edc4,1600605495,redeem,0xb3319f5d18bc0d84dd1b4825dcde5d5f7266d407,cZRX,0,209197,127500000000,0xd1e56b1ff1b5d509fb9f64530290ae7a6e0072ad9375254e4c7503e6ebc51c30,10899257,False
0xf340b9f2098f80b86fbc5ede586c319473aa11f3,1616186297,borrow,0x39aa39c021dfbae8fac545936693ac917d5e7563,cUSDC,0,325496,186000000000,0x84329f34bf2b36127df37bb9e8a7d6ced67a7d42d779b50c9a577d84834ef57d,12071387,False
0xf340b9f2098f80b86fbc5ede586c319473aa11f3,1617585340,borrow,0x39aa39c021dfbae8fac545936693ac917d5e7563,cUSDC,0,249505,90000000000,0xa2eccbab60fe8ba173427d214b72de5ec6c1a23e2729d9318ee96eb8c6cc8f0a,12176631,False
0xf340b9f2098f80b86fbc5ede586c319473aa11f3,1617673658,borrow,0x39aa39c021dfbae8fac545936693ac917d5e7563,cUSDC,0,234505,164000000000,0x42480d76d138e1e3e3a1ad03f1cfe0c56e70053981c4f37d357c66608a5a3d27,12183250,False
0xf340b9f2098f80b86fbc5ede586c319473aa11f3,1617851863,borrow,0x39aa39c021dfbae8fac545936693ac917d5e7563,cUSDC,0,234505,109000000000,0xd06fc438b1cec212267f13dc431aed10a0c7a405edae29d0a32d23d6ef69280d,12196720,False
0xf340b9f2098f80b86fbc5ede586c319473aa11f3,1618937574,repay,0x39aa39c021dfbae8fac545936693ac917d5e7563,cUSDC,0,155242,268000000000,0x5cedd0817366b1ae142907e56dc2c20b8663b6fe27b4160d5ce38a0d5e78d902,12278221,False
0xf340b9f2098f80b86fbc5ede586c319473aa11f3,1618938396,redeem,0x4ddc2d193948926d02f9b1fe9e1daa0718270ed5,cETH,0,171047,259000000000,0x17181030a362aa8efeb1c9dc7d605523a00d6df4248c1f6f537933ca6ad3cda1,12278282,False
0xf340b9f2098f80b86fbc5ede586c319473aa11f3,1621438165,borrow,0x39aa39c021dfbae8fac545936693ac917d5e7563,cUSDC,0,239554,605000000000,0x7a5d33b106aa781b02556280a21e91df4a73e9f2790d5e839ea3badcc25da23f,12465641,False
0xf340b9f2098f80b86fbc5ede586c319473aa11f3,1621633190,repay,0x39aa39c021dfbae8fac545936693ac917d5e7563,cUSDC,0,155264,371000000000,0xd6e4da4cd33d577d8575bf14431eb68dd6839727f737032126a3a8668acc3f24,12480175,False
0xf340b9f2098f80b86fbc5ede586c319473aa11f3,1622045396,borrow,0x39aa39c021dfbae8fac545936693ac917d5e7563,cUSDC,0,239554,67000000000,0xf592f134307ac8d3b7a2c53e20c1357dadc7fca2d7db37d9d4633c69159deb70,12510925,False
0xf340b9f2098f80b86fbc5ede586c319473aa11f3,1622491332,repay,0x39aa39c021dfbae8fac545936693ac917d5e7563,cUSDC,0,155264,34000000000,0xd3fd32a9793f8805bf73e516d82a4bc540310ec7187d3871c1a1f64d2c7d9298,12544139,False
0xf340b9f2098f80b86fbc5ede586c319473aa11f3,1623452307,redeem,0x4ddc2d193948926d02f9b1fe9e1daa0718270ed5,cETH,0,188295,19000000000,0x865c69de3e1d0640c46108b14ec684a872be57cb9ab8d8f841db12e7f6e6b840,12616048,False
0xf340b9f2098f80b86fbc5ede586c319473aa11f3,1652316570,supply,0x70e36f6bf80a52b3b46b3af8e106cc0ed743e8e4,cCOMP,0,186623,139108333915,0xe2a3e045e7506b91fb5c8a83a8c694ce0093e7566857cc7f74412bb828ec8de9,14758114,False
0xf340b9f2098f80b86fbc5ede586c319473aa11f3,1655673899,redeem,0x70e36f6bf80a52b3b46b3af8e106cc0ed743e8e4,cCOMP,0,153331,44705132118,0x271a585d380206b5a5e1cb681d81de7ebeaf3a1f45a9c4a04f8015ded9fd8125,14992925,False
0xf54f36bca969800fd7d63a68029561309938c09b,1607932161,supply,0x39aa39c021dfbae8fac545936693ac917d5e7563,cUSDC,0,174525,41800000000,0x1aec5c2af00befe24af97892334de1b8d8b2dc1c0b8dcdc70a65d684db149ef2,11449851,False
0xf67e8e5805835465f7eba988259db882ab726800,1608247374,supply,0x39aa39c021dfbae8fac545936693ac917d5e7563,cUSDC,0,177586,45000000000,0xcf94baf33bee99193a0c7dc72394b876ff407d53a05dcfbe30d0ee0ec6cd2f40,11473640,False
0xf7aa5d0752cfcd41b0a5945867d619a80c405e52,1604173337,supply,0x39aa39c021dfbae8fac545936693ac917d5e7563,cUSDC,0,174552,19000000000,0x281486ce415822f21d9d870789b329637523ba95beade8a58ec82938b67e8584,11166632,False
0xfe5a05c0f8b24fca15a7306f6a4ebb7dcf2186ac,1603306306,supply,0x39aa39c021dfbae8fac545936693ac917d5e7563,cUSDC,0,202784,47000000000,0xe76b49f4a25d49d8e5279e905ca683488f1a21313e57393f57124634bdcd7761,11101237,False
